date, pm25, pm10, o3, no2, so2, co
2020/11/2, 112, 69, 47, 28, 4, 7
2020/11/3, 127, 69, 43, 27, 11, 14
2020/11/4, 123, 60, 29, 30, 8, 8
2020/11/5, 105, 68, 39, 39, 11, 10
2020/11/6, 124, 71, 40, 39, 6, 7
2020/11/7, 125, 83, 43, 44, 5, 10
2020/11/8, 150, 74, 43, 37, 4, 9
2020/11/9, 119, 86, 55, 45, 11, 14
2020/11/10, 150, 103, 50, 49, 10, 12
2020/11/11, 156, 73, 49, 39, 9, 10
2020/11/12, 128, 76, 40, 46, 8, 12
2020/11/13, 142, 90, 41, 47, 10, 14
2020/11/14, 147, 65, 49, 38, 6, 8
2020/11/15, 125, 76, 44, 47, 6, 10
2020/11/16, 147, 81, 35, 40, 6, 11
2020/11/17, 153, 60, 31, 23, 3, 10
2020/11/18, 146, 46, 21, 20, 4, 8
2020/11/19, 95, 40, 22, 22, 3, 9
2020/11/20, 81, 55, 31, 19, 3, 11
2020/11/21, 128, 28, 15, 14, 3, 6
2020/11/22, 73, 33, 19, 11, 2, 5
2020/11/23, 96, 36, 10, 14, 2, 7
2020/11/24, 98, 24, 8, 16, 3, 7
2020/11/25, 75, 25, 6, 15, 3, 7
2020/11/26, 70, 39, 18, 15, 2, 6
2020/11/27, 115, 72, 20, 19, 3, 8
2020/11/28, 167, 76, 15, 22, 4, 9
2020/11/29, 172, 68, 19, 24, 4, 10
2020/11/30, 161, 69, 23, 30, 7, 14
2020/12/1, 157, , , , , 
2020/10/1, 115, 61, 38, 30, 5, 11
2020/10/2, 146, 15, 21, 11, 2, 9
2020/10/3, 40, 34, 23, 10, 2, 8
2020/10/4, 85, 45, 18, 12, 3, 6
2020/10/5, 68, 43, 14, 14, 2, 7
2020/10/6, 92, 41, 13, 18, 3, 8
2020/10/7, 102, 52, 58, 26, 4, 11
2020/10/8, 113, 55, 51, 34, 3, 9
2020/10/9, 105, 65, 62, 40, 3, 9
2020/10/10, 124, 65, 57, 41, 4, 12
2020/10/11, 124, 64, 55, 21, 3, 7
2020/10/12, 135, 66, 60, 23, 5, 10
2020/10/13, 137, 63, 32, 20, 2, 8
2020/10/14, 144, 35, 16, 14, 2, 9
2020/10/15, 89, 20, 30, 11, 3, 7
2020/10/16, 51, 45, 30, 20, 3, 7
2020/10/17, 108, 70, 21, 33, 4, 10
2020/10/18, 157, 64, 48, 33, 4, 9
2020/10/19, 135, 69, 39, 39, 5, 12
2020/10/20, 148, 46, 30, 22, 3, 7
2020/10/21, 110, 71, 45, 37, 4, 10
2020/10/22, 116, 99, 66, 39, 8, 12
2020/10/23, 151, 86, 32, 36, 8, 9
2020/10/24, 128, 68, 30, 36, 7, 9
2020/10/26, 121, 92, 51, 48, 6, 11
2020/10/27, 148, 82, 60, 43, 6, 13
2020/10/28, 137, 76, 47, 19, 4, 8
2020/10/29, 143, 68, 29, 24, 3, 7
2020/10/30, 121, 65, 37, 25, 3, 7
2020/10/31, 121, 50, 29, 19, 3, 6
2020/11/1, 106, 51, 22, 23, 3, 7
2020/9/1, 100, 57, 80, 15, 4, 8
2020/9/2, 115, 58, 87, 37, 5, 8
2020/9/3, 97, 60, 65, 28, 5, 7
2020/9/4, 93, 52, 112, 18, 6, 8
2020/9/5, 108, 60, 36, 37, 3, 7
2020/9/6, 114, 54, 90, 20, 5, 7
2020/9/7, 121, 56, 124, 30, 3, 8
2020/9/8, 123, 72, 95, 35, 5, 10
2020/9/9, 147, 43, 45, 18, 2, 8
2020/9/10, 101, 36, 56, 12, 2, 6
2020/9/11, 89, 48, 64, 17, 4, 9
2020/9/12, 104, 54, 67, 22, 4, 13
2020/9/13, 122, 43, 38, 15, 3, 7
2020/9/14, 104, 25, 31, 16, 2, 8
2020/9/15, 74, 30, 33, 21, 2, 9
2020/9/16, 70, 28, 42, 17, 2, 9
2020/9/17, 65, 46, 73, 22, 3, 9
2020/9/18, 104, 48, 22, 32, 3, 10
2020/9/19, 99, 35, 35, 20, 4, 13
2020/9/20, 82, 28, 35, 15, 3, 13
2020/9/21, 72, 19, 37, 12, 2, 7
2020/9/22, 55, 41, 37, 19, 2, 8
2020/9/23, 96, 66, 47, 34, 4, 13
2020/9/24, 151, 81, 24, 49, 5, 15
2020/9/25, 157, 65, 63, 29, 3, 8
2020/9/26, 144, 57, 77, 26, 3, 9
2020/9/27, 126, 63, 83, 35, 3, 9
2020/9/28, 133, 57, 36, 26, 2, 10
2020/9/29, 131, 55, 73, 23, 4, 9
2020/9/30, 124, 54, 82, 33, 6, 8
2020/8/1, 86, 46, 54, 23, 3, 6
2020/8/2, 84, 44, 47, 21, 2, 5
2020/8/3, 67, 59, 92, 33, 3, 10
2020/8/4, 119, 59, 63, 31, 2, 8
2020/8/5, 115, 28, 36, 13, 2, 5
2020/8/6, 62, 29, 30, 15, 2, 5
2020/8/7, 41, 31, 33, 15, 2, 4
2020/8/8, 56, 29, 48, 16, 2, 6
2020/8/9, 72, 25, 43, 17, 2, 6
2020/8/10, 63, 34, 48, 19, 3, 9
2020/8/11, 76, 38, 24, 14, 3, 15
2020/8/12, 85, 30, 43, 11, 3, 5
2020/8/13, 60, 30, 34, 13, 2, 5
2020/8/14, 50, 37, 44, 21, 2, 4
2020/8/15, 61, 43, 19, 21, 3, 4
2020/8/16, 76, 50, , , 5, 7
2020/8/18, 103, 54, 56, 16, 3, 6
2020/8/19, 100, 47, 45, 17, 6, 15
2020/8/20, 88, 28, 59, 11, 4, 11
2020/8/21, 69, 47, 91, 18, 5, 12
2020/8/22, 106, 48, 68, 17, 4, 8
2020/8/23, 96, 44, 54, 16, 3, 6
2020/8/24, 95, 35, 47, 10, 2, 6
2020/8/25, 70, 41, 59, 11, 2, 5
2020/8/26, 77, 51, 97, 27, 5, 7
2020/8/27, 96, 60, 95, 32, 5, 9
2020/8/28, 106, 51, 88, 27, 7, 9
2020/8/29, 92, 54, 104, 23, 6, 11
2020/8/30, 107, 57, 79, 18, 4, 8
2020/8/31, 122, 52, 71, 13, 4, 7
2020/7/1, 102, 44, 39, 23, 6, 19
2020/7/2, 111, 24, 82, 20, 3, 7
2020/7/3, 65, 27, 42, 24, 3, 10
2020/7/4, 73, 17, 21, 18, 3, 9
2020/7/5, 63, 6, 18, 17, 2, 6
2020/7/6, 29, 10, 35, 9, 2, 6
2020/7/7, 29, 10, 21, 9, 3, 8
2020/7/8, 42, 29, 62, 19, 2, 8
2020/7/9, 76, 50, 57, 21, 3, 9
2020/7/10, 103, 30, 30, 10, 3, 7
2020/7/11, 70, 24, 28, 11, 3, 5
2020/7/12, 57, 18, 44, 10, 2, 5
2020/7/13, 55, 37, 69, 17, 4, 10
2020/7/14, 87, 18, 25, 11, 2, 5
2020/7/15, 53, 39, 21, 15, 4, 9
2020/7/16, 80, 49, 59, 23, 5, 14
2020/7/17, 108, 45, 25, 14, 2, 9
2020/7/18, 99, 25, 48, 10, 2, 6
2020/7/19, 70, 63, 100, 15, 3, 9
2020/7/20, 143, 56, 48, 18, 5, 10
2020/7/21, 119, 42, 50, 10, 3, 7
2020/7/22, 94, 46, 66, 17, 4, 6
2020/7/23, 85, 50, 70, 13, 6, 13
2020/7/24, 99, 44, 72, 15, 6, 13
2020/7/25, 94, 36, 19, 14, 3, 8
2020/7/26, 75, 25, 32, 16, 2, 9
2020/7/27, 62, 28, 47, 14, 2, 9
2020/7/28, 71, 43, 88, 18, 3, 10
2020/7/29, 89, 45, 55, 16, 3, 11
2020/7/30, 107, 46, 68, 15, 3, 11
2020/7/31, 93, 50, 70, 17, 4, 9
2020/6/1, 133, 52, 117, 23, 2, 9
2020/6/2, 109, 43, 78, 29, 4, 9
2020/6/3, 89, 43, 61, 20, 3, 6
2020/6/4, 91, 47, 70, 20, 3, 8
2020/6/5, 84, 39, 72, 17, 4, 9
2020/6/6, 78, 45, 67, 13, 4, 9
2020/6/7, 82, 48, 75, 14, 5, 9
2020/6/8, 82, 43, 45, 15, 3, 11
2020/6/9, 86, 35, 44, 13, 2, 9
2020/6/10, 101, 36, 53, 17, 2, 7
2020/6/11, 84, 37, 48, 22, 2, 8
2020/6/12, 72, 25, 29, 21, 2, 8
2020/6/13, 61, 23, 26, 17, 2, 11
2020/6/14, 72, 36, 65, 18, 1, 10
2020/6/15, 91, 34, 58, 17, 2, 10
2020/6/16, 83, 31, 49, 13, 2, 5
2020/6/17, 67, 16, 36, 12, 2, 7
2020/6/18, 57, 37, 52, 18, 3, 8
2020/6/19, 105, 27, 37, 13, 3, 9
2020/6/20, 84, 20, 25, 13, 2, 11
2020/6/21, 65, 24, 13, 18, 2, 9
2020/6/22, 67, 21, 28, 16, 2, 7
2020/6/23, 66, 36, 93, 26, 2, 8
2020/6/24, 97, 57, 107, 39, 3, 11
2020/6/25, 119, 34, 62, 18, 2, 8
2020/6/26, 84, 25, 31, 24, 2, 6
2020/6/27, 67, 31, 27, 17, 2, 9
2020/6/28, 79, 17, 37, 18, 2, 6
2020/6/29, 56, 30, 93, 32, 2, 7
2020/6/30, 77, 52, 80, 28, 4, 12
2020/5/1, 150, 67, 59, 23, 3, 9
2020/5/2, 136, 58, 73, 23, 3, 7
2020/5/3, 112, 72, 65, 35, 6, 14
2020/5/4, 132, 44, 37, 9, 2, 10
2020/5/5, 127, 52, 34, 16, 6, 15
2020/5/6, 121, 49, 39, 17, 5, 16
2020/5/7, 119, 29, 35, 12, 2, 11
2020/5/8, 80, 28, 38, 8, 3, 9
2020/5/9, 79, 31, 54, 13, 2, 8
2020/5/10, 72, 72, 62, 34, 3, 11
2020/5/11, 99, 70, 74, 28, 5, 6
2020/5/12, 99, 88, 82, 36, 7, 10
2020/5/13, 137, 59, 40, 23, 5, 10
2020/5/14, 149, 66, 48, 30, 4, 12
2020/5/15, 158, 47, 53, 27, 3, 10
2020/5/16, 99, 53, 73, 24, 3, 8
2020/5/17, 105, 68, 59, 19, 4, 6
2020/5/18, 105, 67, 99, 26, 6, 10
2020/5/19, 101, 72, 55, 28, 8, 12
2020/5/20, 131, 55, 43, 24, 5, 11
2020/5/21, 118, 60, 96, 32, 5, 7
2020/5/22, 107, 72, 106, 37, 3, 7
2020/5/23, 136, 85, 98, 31, 4, 7
2020/5/24, 139, 50, 47, 15, 3, 6
2020/5/25, 119, 44, 74, 18, 3, 6
2020/5/26, 109, 58, 96, 28, 4, 6
2020/5/27, 109, 68, 71, 30, 4, 7
2020/5/28, 133, 59, 41, 26, 4, 9
2020/5/29, 133, 43, 57, 18, 5, 7
2020/5/30, 103, 58, 61, 31, 5, 10
2020/5/31, 112, 56, 88, 24, 5, 10
2020/4/1, 101, 46, 45, 13, 3, 8
2020/4/2, 121, 62, 43, 15, 4, 9
2020/4/3, 156, 60, 61, 18, 5, 10
2020/4/4, 150, 64, 85, 20, 5, 9
2020/4/5, 151, 55, 52, 17, 5, 7
2020/4/6, 100, 55, 62, 23, 6, 8
2020/4/7, 112, 55, 70, 30, 4, 7
2020/4/8, 105, 61, 94, 38, 6, 8
2020/4/9, 126, 60, 25, 13, 3, 6
2020/4/10, 119, 21, 39, 4, 2, 4
2020/4/11, 47, 46, 65, 15, 3, 5
2020/4/12, 111, 46, 63, 28, 3, 6
2020/4/13, 101, 51, 57, 30, 10, 7
2020/4/14, 107, 50, 68, 30, 9, 7
2020/4/15, 100, 63, 72, 24, 12, 9
2020/4/16, 134, 74, 47, 13, 6, 7
2020/4/17, 118, 55, 42, 14, 3, 10
2020/4/18, 116, 27, 61, 10, 2, 7
2020/4/19, 84, 49, 33, 26, 4, 9
2020/4/20, 135, 52, 37, 17, 4, 7
2020/4/21, 109, 58, 55, 25, 9, 11
2020/4/22, 132, 64, 55, 26, 6, 10
2020/4/23, 135, 54, 53, 24, 4, 6
2020/4/24, 96, 51, 56, 30, 5, 5
2020/4/25, 88, 57, 59, 28, 5, 6
2020/4/26, 99, 62, 66, 28, 4, 7
2020/4/27, 110, 59, 82, 32, 8, 13
2020/4/28, 109, 73, 84, 42, 7, 9
2020/4/29, 130, 71, 51, 34, 6, 10
2020/4/30, 148, 58, 69, 17, 5, 10
2020/3/2, 111, 39, 28, 10, 5, 12
2020/3/3, 106, 29, 25, 9, 2, 9
2020/3/4, 93, 41, 43, 15, 6, 11
2020/3/5, 124, 55, 52, 15, 6, 9
2020/3/6, 155, 48, 33, 11, 9, 8
2020/3/7, 144, 44, 43, 14, 5, 12
2020/3/8, 128, 34, 29, 13, 7, 12
2020/3/9, 114, 49, 37, 8, 3, 9
2020/3/10, 146, 49, 40, 11, 3, 8
2020/3/11, 138, 61, 46, 20, 6, 10
2020/3/12, 138, 58, 30, 19, 13, 13
2020/3/13, 153, 74, 33, 16, 3, 10
2020/3/14, 157, 65, 45, 11, 4, 8
2020/3/15, 148, 67, 52, 19, 4, 6
2020/3/16, 107, 68, 41, 22, 8, 11
2020/3/17, 142, 64, 59, 25, 6, 9
2020/3/18, 142, 62, 49, 16, 6, 8
2020/3/19, 136, 57, 57, 19, 5, 8
2020/3/20, 113, 76, 62, 18, 10, 8
2020/3/21, 111, 62, 36, 19, 8, 14
2020/3/22, 139, 70, 46, 9, 4, 11
2020/3/23, 145, 64, 66, 17, 8, 14
2020/3/24, 147, 54, 39, 13, 8, 11
2020/3/25, 127, 42, 25, 12, 6, 11
2020/3/26, 111, 52, 36, 13, 6, 13
2020/3/27, 99, 21, 26, 6, 3, 6
2020/3/28, 59, 19, 35, 9, 5, 8
2020/3/29, 62, 24, 30, 8, 3, 7
2020/3/30, 71, 37, 23, 13, 4, 7
2020/3/31, 91, 39, 39, 15, 4, 10
2020/2/2, 164, 61, 30, 23, 4, 9
2020/2/3, 160, 67, 40, 19, 6, 12
2020/2/4, 166, 67, 45, 25, 5, 10
2020/2/5, 166, 80, 39, 24, 7, 15
2020/2/6, 184, 47, 21, 9, 4, 12
2020/2/7, 122, 20, 18, 6, 2, 6
2020/2/8, 81, 28, 23, 9, 3, 8
2020/2/9, 93, 36, 34, 12, 3, 8
2020/2/10, 109, 45, 25, 20, 5, 10
2020/2/11, 141, 36, 23, 9, 4, 10
2020/2/12, 113, 34, 22, 15, 4, 11
2020/2/13, 105, 36, 21, 14, 6, 14
2020/2/14, 105, 39, 19, 10, 5, 14
2020/2/15, 101, 27, 22, 6, 2, 10
2020/2/16, 83, 23, 32, 6, 3, 8
2020/2/17, 69, 26, 36, 12, 3, 8
2020/2/18, 72, 29, 43, 16, 4, 9
2020/2/19, 89, 34, 36, 13, 7, 11
2020/2/20, 100, 49, 41, 19, 6, 13
2020/2/21, 128, 49, 33, 14, 4, 11
2020/2/22, 140, 53, 41, 13, 6, 13
2020/2/23, 144, 60, 43, 15, 8, 12
2020/2/24, 128, 55, 42, 12, 8, 14
2020/2/25, 131, 72, 42, 14, 3, 14
2020/2/26, 160, 57, 29, 9, 3, 16
2020/2/27, 147, 46, 26, 12, 5, 13
2020/2/28, 123, 17, 16, 8, 2, 12
2020/2/29, 66, 20, 35, 11, 4, 13
2020/3/1, 83, 39, 33, 8, 3, 11
2020/1/2, 136, 81, 3, 24, 3, 11
2020/1/3, 165, 86, 6, 24, 3, 9
2020/1/4, 182, 104, 2, 26, 3, 12
2020/1/5, 194, 82, 1, 21, 4, 14
2020/1/6, 165, 29, 5, 21, 2, 14
2020/1/7, 70, 23, 18, 20, 2, 12
2020/1/8, 71, 49, 20, 19, 5, 12
2020/1/9, 129, 22, 19, 18, 2, 8
2020/1/10, 71, 31, 14, 16, 2, 7
2020/1/11, 105, 39, 14, 19, 2, 6
2020/1/12, 119, 70, 14, 33, 4, 14
2020/1/13, 163, 58, 24, 27, 4, 10
2020/1/14, 145, 89, 32, 22, 4, 13
2020/1/15, 187, 77, 27, 22, 4, 13
2020/1/16, 177, 54, 17, 14, 2, 8
2020/1/17, 159, 46, 18, 18, 2, 7
2020/1/18, 142, 61, 25, 28, 4, 13
2020/1/19, 158, 85, 31, 26, 3, 10
2020/1/20, 184, 95, 35, 43, 5, 18
2020/1/21, 186, 79, 20, 26, 3, 13
2020/1/22, 176, 73, 20, 17, 2, 10
2020/1/23, 173, 71, 21, 12, 2, 11
2020/1/24, 174, 39, 29, 7, 2, 4
2020/1/25, 116, 46, 22, 6, 2, 7
2020/1/26, 131, 32, 31, 5, 2, 5
2020/1/27, 104, 45, 28, 6, 2, 8
2020/1/28, 137, 55, 33, 9, 2, 6
2020/1/29, 154, 54, 35, 15, 4, 7
2020/1/30, 154, 55, 42, 19, 3, 8
2020/1/31, 153, 68, 45, 22, 5, 9
2020/2/1, 168, 63, 39, 22, 6, 11
2019/10/1, 118, 56, 87, 24, 8, 11
2019/10/2, 118, 63, 101, 35, 9, 12
2019/10/3, 143, 74, 114, 33, 9, 12
2019/10/4, 150, 51, 39, 9, 3, 7
2019/10/5, 105, 28, 14, 13, 3, 8
2019/10/6, 69, 21, 33, 10, 2, 5
2019/10/7, 46, 21, 33, 12, 4, 7
2019/10/8, 57, 38, 42, 21, 5, 9
2019/10/9, 83, 62, 34, 28, 4, 10
2019/10/10, 137, 32, 34, 17, 2, 8
2019/10/11, 68, 43, 27, 15, 3, 8
2019/10/12, 110, 42, 30, 15, 3, 8
2019/10/13, 113, 56, 39, 13, 5, 10
2019/10/14, 113, 49, 48, 13, 4, 6
2019/10/15, 92, 33, 31, 14, 4, 7
2019/10/16, 77, 45, 43, 16, 4, 6
2019/10/17, 107, 48, 61, 27, 6, 9
2019/10/18, 115, 55, 69, 41, 4, 11
2019/10/19, 133, 63, 69, 48, 6, 12
2019/10/20, 143, 66, 76, 50, 6, 13
2019/10/21, 144, 60, 39, 30, 6, 11
2019/10/22, 137, 48, 47, 24, 5, 14
2019/10/23, 115, 53, 53, 34, 5, 13
2019/10/24, 121, 44, 24, 14, 4, 6
2019/10/25, 88, 48, 20, 16, 4, 5
2019/10/26, 86, 53, 23, 22, 4, 5
2019/10/28, 122, 51, 34, 24, 5, 7
2019/10/29, 120, 59, 18, 34, 4, 10
2019/10/30, 140, 108, 47, 41, 9, 12
2019/10/31, 132, 104, 56, 53, 7, 15
2019/11/1, 157, 94, 58, 52, 6, 11
2019/11/2, 152, 95, 46, 54, 7, 11
2019/11/3, 158, 91, 61, 25, 6, 8
2019/11/4, 157, 90, 43, 16, 4, 9
2019/11/5, 175, 79, 50, 34, 9, 15
2019/11/6, 165, 72, 43, 35, 6, 10
2019/11/7, 147, 69, 55, 26, 4, 8
2019/11/8, 136, 72, 57, 42, 11, 19
2019/11/9, 153, 82, 54, 47, 7, 11
2019/11/10, 160, 85, 43, 43, 6, 9
2019/11/11, 152, 81, 47, 47, 7, 11
2019/11/12, 151, 69, 39, 26, 6, 10
2019/11/13, 140, 59, 23, 24, 4, 8
2019/11/14, 104, 56, 26, 31, 5, 7
2019/11/15, 84, 67, 34, 39, 10, 9
2019/11/16, 116, 94, 28, 53, 12, 13
2019/11/17, 152, 89, 23, 32, 5, 12
2019/11/18, 174, 57, 25, 16, 3, 4
2019/11/19, 83, 76, 20, 27, 5, 8
2019/11/20, 111, 72, 26, 33, 6, 7
2019/11/21, 120, 81, 15, 41, 8, 10
2019/11/22, 150, 101, 34, 47, 9, 12
2019/11/23, 159, 88, 17, 51, 9, 13
2019/11/24, 155, 112, 24, 29, 6, 11
2019/11/25, 184, 29, 19, 11, 2, 6
2019/11/26, 80, 37, 10, 15, 4, 9
2019/11/27, 98, 24, 17, 14, 3, 7
2019/11/28, 80, 73, 14, 23, 14, 12
2019/11/29, 164, 57, 20, 23, 5, 8
2019/11/30, 119, 53, 12, 21, 4, 5
2019/12/1, 143, 67, 20, 22, 3, 8
2019/12/2, 164, 76, 26, 34, 9, 13
2019/12/3, 161, 82, 16, 47, 5, 16
2019/12/4, 162, 89, 24, 52, 7, 17
2019/12/5, 162, 73, 29, 40, 7, 12
2019/12/6, 140, 85, 34, 38, 10, 12
2019/12/7, 178, 84, 33, 43, 9, 12
2019/12/8, 169, 85, 33, 46, 8, 13
2019/12/9, 166, 89, 28, 53, 8, 13
2019/12/10, 163, 107, 15, 59, 9, 17
2019/12/11, 173, 103, 28, 51, 8, 18
2019/12/12, 173, 86, 32, 43, 9, 12
2019/12/13, 160, 112, 15, 54, 10, 13
2019/12/14, 181, 123, 22, 38, 10, 18
2019/12/15, 206, 105, 17, 33, 13, 18
2019/12/16, 184, 70, 4, 22, 4, 8
2019/12/17, 155, 55, 8, 22, 4, 9
2019/12/18, 137, 63, 9, 17, 3, 10
2019/12/19, 159, 45, 17, 22, 12, 9
2019/12/20, 112, 62, 6, 26, 6, 11
2019/12/21, 147, 60, 5, 28, 5, 10
2019/12/22, 150, 53, 23, 24, 4, 7
2019/12/23, 152, 58, 13, 22, 6, 10
2019/12/24, 143, 74, 6, 24, 5, 15
2019/12/25, 171, 51, 8, 18, 4, 12
2019/12/26, 129, 66, 20, 21, 5, 11
2019/12/27, 151, 82, 20, 33, 5, 12
2019/12/28, 169, 87, 5, 39, 13, 15
2019/12/29, 167, 61, 16, 28, 4, 10
2019/12/30, 150, , , , , 
2019/7/1, 91, 62, 127, 30, 6, 14
2019/7/2, 127, 64, 116, 31, 4, 12
2019/7/3, 131, 60, 40, 26, 4, 10
2019/7/4, 121, 60, 64, 26, 2, 8
2019/7/5, 138, 48, 55, 19, 2, 9
2019/7/6, 97, 56, 89, 24, 4, 11
2019/7/7, 107, 56, 64, 20, 4, 14
2019/7/8, 106, 35, 45, 11, 3, 9
2019/7/9, 85, 40, 82, 22, 4, 11
2019/7/10, 93, 51, 81, 25, 5, 11
2019/7/11, 114, 42, 37, 21, 3, 18
2019/7/12, 107, 24, 39, 13, 2, 7
2019/7/13, 74, 49, 78, 20, 3, 9
2019/7/14, 110, 44, 68, 21, 4, 10
2019/7/15, 98, 43, 76, 24, 3, 10
2019/7/16, 89, 54, 47, 24, 3, 11
2019/7/17, 109, 37, 45, 17, 4, 15
2019/7/18, 87, 34, 43, 14, 2, 8
2019/7/19, 89, 46, 90, 25, 3, 9
2019/7/20, 91, 50, 69, 29, 5, 10
2019/7/21, 126, 56, 59, 27, 2, 8
2019/7/22, 114, 45, 45, 18, 2, 7
2019/7/23, 79, 53, 56, 18, 2, 9
2019/7/24, 77, 47, 51, 22, 2, 7
2019/7/25, 104, 51, 52, 22, 2, 6
2019/7/26, 80, 46, 50, 15, 2, 7
2019/7/27, 81, 48, 46, 16, 1, 7
2019/7/28, 82, 48, 50, 14, 2, 7
2019/7/29, 92, 38, 49, 18, 2, 8
2019/7/30, 78, 48, 83, 23, 4, 9
2019/7/31, 108, 48, 69, 21, 3, 9
2019/8/1, 92, 49, 60, 20, 8, 14
2019/8/2, 91, 43, 78, 18, 4, 12
2019/8/3, 86, 47, 106, 20, 6, 12
2019/8/4, 91, 52, 101, 29, 4, 9
2019/8/5, 109, 52, 103, 24, 5, 11
2019/8/6, 111, 51, 82, 23, 4, 16
2019/8/7, 108, 42, 70, 17, 3, 11
2019/8/8, 92, 48, 63, 15, 2, 8
2019/8/9, 117, 29, 32, 9, 2, 6
2019/8/10, 76, 30, 62, 9, 2, 8
2019/8/11, 94, 42, 91, 20, 3, 8
2019/8/12, 93, 54, 104, 29, 6, 12
2019/8/13, 118, 54, 97, 20, 5, 11
2019/8/14, 122, 51, 87, 26, 4, 11
2019/8/15, 113, 58, 96, 30, 3, 8
2019/8/16, 115, 72, 143, 32, 8, 12
2019/8/17, 146, 66, 109, 18, 9, 14
2019/8/18, 133, 53, 105, 20, 9, 12
2019/8/19, 111, 61, 132, 26, 8, 12
2019/8/20, 147, 79, 104, 35, 6, 11
2019/8/21, 145, 62, 76, 14, 4, 11
2019/8/22, 151, 73, 108, 23, 7, 15
2019/8/23, 159, 65, 111, 24, 11, 18
2019/8/24, 149, 57, 104, 21, 10, 19
2019/8/25, 120, 44, 56, 12, 6, 13
2019/8/26, 102, 45, 78, 18, 5, 13
2019/8/27, 91, 25, 41, 13, 2, 10
2019/8/28, 71, 41, 112, 22, 6, 13
2019/8/29, 98, 54, 86, 20, 9, 15
2019/8/30, 103, 47, 65, 23, 11, 14
2019/8/31, 78, 49, 50, 26, 6, 10
2019/9/1, 118, 53, 95, 23, 8, 12
2019/9/2, 121, 42, 65, 16, 7, 14
2019/9/3, 93, 51, 76, 18, 8, 12
2019/9/4, 117, 55, 119, 25, 10, 25
2019/9/5, 107, 52, 84, 18, 6, 15
2019/9/6, 94, 60, 110, 25, 6, 11
2019/9/7, 95, 65, 102, 38, 7, 13
2019/9/8, 129, 65, 115, 31, 8, 15
2019/9/9, 142, 65, 112, 23, 8, 17
2019/9/10, 142, 59, 111, 25, 13, 15
2019/9/11, 122, 68, 125, 26, 6, 13
2019/9/12, 144, 66, 115, 16, 8, 11
2019/9/13, 134, 49, 59, 8, 5, 9
2019/9/14, 89, 54, 52, 11, 4, 10
2019/9/15, 112, 48, 37, 11, 4, 8
2019/9/16, 97, 46, 35, 12, 5, 9
2019/9/17, 90, 46, 29, 13, 4, 8
2019/9/18, 108, 62, 86, 21, 9, 13
2019/9/19, 125, 44, 54, 16, 5, 8
2019/9/20, 66, 47, 68, 16, 5, 5
2019/9/21, 77, 54, 69, 17, 6, 6
2019/9/22, 87, 52, 74, 24, 7, 7
2019/9/23, 89, 57, 90, 39, 9, 10
2019/9/24, 102, 69, 73, 56, 12, 12
2019/9/25, 126, 81, 95, 52, 10, 13
2019/9/26, 144, 66, 75, 42, 10, 12
2019/9/27, 123, 69, 108, 39, 11, 13
2019/9/28, 135, 78, 108, 53, 10, 13
2019/9/29, 151, 69, 102, 45, 11, 13
2019/9/30, 139, 61, 110, 30, 12, 12
2019/4/1, 142, 62, 36, 33, 7, 15
2019/4/2, 133, 44, 56, 23, 4, 11
2019/4/3, 114, 78, 51, 42, 4, 12
2019/4/4, 154, 53, 46, 23, 3, 10
2019/4/5, 122, 72, 63, 36, 6, 10
2019/4/6, 133, 83, 75, 40, 10, 13
2019/4/7, 148, 77, 63, 32, 7, 12
2019/4/8, 137, 42, 32, 14, 5, 9
2019/4/9, 94, 32, 30, 11, 2, 8
2019/4/10, 96, 58, 39, 22, 3, 8
2019/4/11, 130, 54, 59, 21, 6, 9
2019/4/12, 109, 68, 47, 31, 8, 11
2019/4/13, 129, 75, 48, 25, 4, 8
2019/4/14, 121, 62, 74, 26, 5, 9
2019/4/15, 122, 53, 48, 19, 3, 7
2019/4/16, 114, 68, 67, 31, 3, 9
2019/4/17, 117, 74, 53, 33, 10, 13
2019/4/18, 126, 65, 58, 20, 4, 12
2019/4/19, 137, 77, 87, 20, 5, 17
2019/4/20, 149, 50, 34, 13, 2, 9
2019/4/21, 133, 64, 17, 20, 3, 16
2019/4/22, 161, 59, 52, 25, 2, 13
2019/4/23, 136, 83, 108, 41, 6, 20
2019/4/24, 159, 89, 44, 33, 4, 19
2019/4/25, 147, 53, 22, 21, 5, 14
2019/4/26, 103, 51, 41, 15, 6, 11
2019/4/27, 113, 38, 31, 13, 2, 8
2019/4/28, 100, 20, 28, 14, 2, 9
2019/4/29, 65, 58, 58, 27, 3, 10
2019/4/30, 133, 65, 61, 22, 4, 10
2019/5/1, 123, 66, 75, 38, 6, 13
2019/5/2, 115, 79, 93, 38, 7, 11
2019/5/3, 138, 82, 87, 40, 9, 10
2019/5/4, 145, 74, 44, 36, 10, 11
2019/5/5, 128, 58, 53, 19, 4, 9
2019/5/6, 111, 55, 43, 24, 8, 12
2019/5/7, 93, 58, 77, 26, 5, 9
2019/5/8, 105, 60, 72, 29, 5, 7
2019/5/9, 129, 68, 96, 37, 6, 8
2019/5/10, 140, 86, 117, 52, 7, 12
2019/5/11, 150, 98, 64, 52, 8, 13
2019/5/12, 162, 119, 36, 22, 3, 9
2019/5/13, 160, 125, 21, 37, 4, 11
2019/5/14, 161, 43, 19, 20, 2, 11
2019/5/15, 114, 59, 21, 29, 2, 13
2019/5/16, 141, 58, 50, 34, 2, 14
2019/5/17, 142, 69, 70, 28, 2, 15
2019/5/18, 138, 43, 37, 14, 2, 7
2019/5/19, 97, 80, 50, 16, 3, 5
2019/5/20, 101, 84, 43, 35, 3, 7
2019/5/21, 143, 83, 82, 33, 4, 8
2019/5/22, 154, 95, 116, 50, 4, 10
2019/5/23, 149, 76, 64, 35, 6, 10
2019/5/24, 148, 49, 43, 26, 1, 9
2019/5/25, 113, 21, 55, 24, 1, 10
2019/5/26, 64, 76, 60, 23, 2, 8
2019/5/27, 97, 49, 63, 14, 4, 8
2019/5/28, 89, 48, 55, 19, 7, 11
2019/5/29, 100, 40, 43, 21, 2, 9
2019/5/30, 108, 63, 87, 26, 2, 11
2019/5/31, 144, 66, 88, 36, 3, 12
2019/6/1, 139, 52, 81, 25, 3, 9
2019/6/2, 116, 67, 79, 33, 2, 9
2019/6/3, 121, 65, 86, 24, 3, 9
2019/6/4, 131, 59, 204, 20, 3, 10
2019/6/5, 134, 22, 59, 12, 2, 8
2019/6/6, 64, 39, 97, 25, 4, 13
2019/6/7, 97, 49, 84, 24, 5, 10
2019/6/8, 121, 65, 92, 40, 2, 12
2019/6/9, 134, 69, 82, 28, 2, 11
2019/6/10, 133, 56, 91, 20, 2, 8
2019/6/11, 106, 50, 79, 22, 3, 9
2019/6/12, 104, 58, 56, , 2, 
2019/6/13, 124, 59, 112, 28, 3, 11
2019/6/14, 128, 66, 104, 29, 4, 10
2019/6/15, 125, 51, 46, 21, 7, 10
2019/6/16, 108, 27, 32, 16, 2, 10
2019/6/17, 86, 25, 46, 15, 2, 10
2019/6/18, 76, 33, 38, 17, 3, 12
2019/6/19, 89, 37, 45, 15, 3, 10
2019/6/20, 87, 21, 22, 13, 3, 16
2019/6/21, 57, 21, 34, 18, 4, 20
2019/6/22, 65, , , , , 
2019/6/24, 115, 62, 101, 30, 4, 10
2019/6/25, 128, 65, 110, 25, 7, 12
2019/6/26, 147, 68, 102, 31, 5, 11
2019/6/27, 148, 61, 45, 20, 4, 10
2019/6/28, 127, 22, 44, 13, 2, 8
2019/6/29, 68, 33, 70, 18, 2, 7
2019/6/30, 78, 51, 77, 26, 2, 11
2019/1/2, 131, 56, 13, 37, 3, 12
2019/1/3, 158, 61, 15, 31, 7, 15
2019/1/4, 165, 72, 16, 28, 4, 14
2019/1/5, 182, 99, 20, 27, 4, 14
2019/1/6, 224, 116, 16, 34, 7, 20
2019/1/7, 248, 84, 19, 29, 5, 16
2019/1/8, 190, 70, 18, 24, 3, 15
2019/1/9, 172, 38, 11, 26, 3, 18
2019/1/10, 120, 30, 11, 23, 3, 12
2019/1/11, 116, 52, 8, 26, 3, 13
2019/1/12, 163, 81, 22, 34, 8, 20
2019/1/13, 188, 92, 18, 44, 7, 26
2019/1/14, 190, 73, 11, 30, 6, 20
2019/1/15, 174, 88, 21, 26, 4, 19
2019/1/16, 199, 77, 19, 27, 6, 15
2019/1/17, 121, 123, 11, 44, 7, 25
2019/1/18, 187, 108, 11, 45, 6, 22
2019/1/19, 194, 89, 11, 36, 5, 16
2019/1/20, 179, 105, 30, 28, 7, 18
2019/1/21, 216, 113, 23, 42, 11, 18
2019/1/22, 219, 103, 35, 45, 8, 15
2019/1/23, 188, 95, 42, 53, 9, 17
2019/1/24, 191, 93, 47, 52, 9, 17
2019/1/25, 174, 120, 34, 45, 8, 17
2019/1/26, 204, 115, 21, 31, 9, 17
2019/1/27, 221, 78, 20, 35, 12, 13
2019/1/28, 167, 92, 15, 30, 5, 12
2019/1/29, 205, 73, 14, 24, 5, 14
2019/1/30, 177, 49, 7, 20, 3, 15
2019/1/31, 142, 42, 26, 15, 3, 14
2019/2/1, 134, 64, 41, 22, 4, 13
2019/2/2, 169, 58, 21, 24, 6, 14
2019/2/3, 156, 77, 30, 18, 4, 10
2019/2/4, 165, 99, 24, 29, 6, 18
2019/2/5, 189, 96, 36, 22, 6, 14
2019/2/6, 193, 69, 23, 22, 6, 15
2019/2/7, 165, 88, 20, 9, 2, 12
2019/2/8, 189, 23, 24, 8, 3, 7
2019/2/9, 78, 32, 20, 8, 2, 7
2019/2/10, 117, 46, 20, 10, 3, 9
2019/2/11, 153, 60, 25, 19, 3, 10
2019/2/12, 165, 45, 14, 17, 3, 12
2019/2/13, 131, 49, 13, 16, 3, 11
2019/2/14, 149, 29, 14, 15, 3, 11
2019/2/15, 110, 41, 11, 17, 3, 12
2019/2/16, 137, 57, 17, 15, 3, 9
2019/2/17, 158, 68, 26, 16, 4, 8
2019/2/18, 165, 41, 18, 19, 3, 8
2019/2/19, 139, 56, 19, 21, 4, 10
2019/2/20, 160, 68, 17, 22, 4, 9
2019/2/21, 168, 65, 21, 20, 3, 10
2019/2/22, 173, 49, 35, 21, 4, 8
2019/2/23, 140, 54, 12, 31, 4, 9
2019/2/24, 142, , , , , 
2019/2/26, 180, 99, 26, 36, 10, 16
2019/2/27, 195, 44, 27, 17, 3, 8
2019/2/28, 126, 43, 21, 24, 3, 9
2019/3/1, 122, 40, 16, 24, 3, 10
2019/3/2, 101, 44, 63, 19, 3, 9
2019/3/3, 148, 66, 46, 24, 4, 7
2019/3/4, 157, 79, 39, 32, 8, 12
2019/3/5, 156, 48, 28, 24, 5, 9
2019/3/6, 131, 57, 46, 32, 7, 10
2019/3/7, 133, 70, 49, 22, 7, 8
2019/3/8, 124, 72, 38, 30, 10, 10
2019/3/9, 153, 88, 50, 33, 6, 10
2019/3/10, 169, 99, 34, 41, 7, 10
2019/3/11, 171, 92, 31, 47, 5, 9
2019/3/12, 123, 102, 45, 47, 6, 8
2019/3/13, 142, 105, 33, 45, 11, 11
2019/3/14, 185, 68, 48, 24, 4, 8
2019/3/15, 149, 83, 44, 42, 4, 10
2019/3/16, 148, 95, 63, 41, 11, 12
2019/3/17, 151, 88, 42, 44, 8, 13
2019/3/18, 156, 70, 46, 26, 5, 10
2019/3/19, 155, 76, 41, 28, 10, 14
2019/3/20, 152, 62, 44, 23, 6, 12
2019/3/21, 129, 82, 29, 23, 10, 17
2019/3/22, 134, 45, 26, 15, 4, 9
2019/3/23, 99, 53, 37, 27, 6, 9
2019/3/24, 125, 85, 30, 34, 7, 11
2019/3/25, 160, 53, 39, 22, 5, 9
2019/3/26, 118, 102, 2, 42, 9, 15
2019/3/27, 158, 67, 4, 29, 5, 16
2019/3/28, 152, 84, 11, 37, 5, 19
2019/3/29, 167, 89, 39, 38, 7, 20
2019/3/30, 165, 105, 46, 26, 5, 13
2019/3/31, 136, 58, 48, 27, 6, 13
2018/10/1, 80, 56, 65, 33, 11, 13
2018/10/2, 105, 60, 92, 42, 14, 16
2018/10/3, 125, 63, 100, 33, 12, 14
2018/10/4, 128, 60, 95, 29, 13, 17
2018/10/5, 129, 85, 106, 55, 12, 15
2018/10/6, 163, 95, 113, 56, 13, 14
2018/10/7, 164, 94, 85, 44, 10, 12
2018/10/8, 169, 73, 50, 27, 10, 10
2018/10/9, 167, 68, 82, 27, 17, 13
2018/10/10, 119, 62, 73, 32, 21, 10
2018/10/11, 112, 64, 76, 29, 15, 10
2018/10/12, 127, 73, 54, 37, 13, 14
2018/10/13, 154, 55, 39, 26, 5, 13
2018/10/14, 134, 48, 25, 22, 5, 11
2018/10/15, 142, 56, 22, 25, 5, 13
2018/10/16, 138, 61, 63, 28, 7, 12
2018/10/17, 140, 69, 67, 35, 15, 21
2018/10/18, 159, 61, 36, 34, 13, 16
2018/10/19, 116, 48, 27, 30, 6, 12
2018/10/20, 126, 48, 17, 25, 3, 9
2018/10/21, 145, 49, 35, 25, 3, 10
2018/10/22, 134, 74, 59, 47, 6, 31
2018/10/23, 166, 91, 62, 45, 8, 20
2018/10/24, 175, 71, 25, 36, 5, 13
2018/10/25, 157, 60, 47, 28, 5, 10
2018/10/26, 134, 59, 41, 31, 9, 10
2018/10/27, 97, 78, 57, 38, 8, 8
2018/10/29, 140, 77, 42, 42, 6, 10
2018/10/30, 143, 104, 37, 64, 13, 21
2018/10/31, 158, 90, 58, 57, 12, 18
2018/11/1, 158, 82, 76, 39, 12, 11
2018/11/2, 151, 65, 66, 32, 14, 12
2018/11/3, 144, 63, 51, 29, 10, 11
2018/11/4, 147, 80, 34, 37, 9, 13
2018/11/5, 145, 70, 38, 21, 4, 12
2018/11/6, 156, 12, 12, 14, 3, 10
2018/11/7, 44, 14, 14, 13, 2, 9
2018/11/8, 67, 30, 25, 17, 4, 10
2018/11/9, 111, 54, 26, 31, 7, 13
2018/11/10, 133, 44, 16, 31, 8, 14
2018/11/11, 114, 38, 40, 19, 3, 6
2018/11/12, 118, 64, 35, 31, 4, 10
2018/11/13, 168, 65, 32, 30, 8, 17
2018/11/14, 157, 52, 14, 26, 6, 16
2018/11/15, 148, 50, 21, 19, 3, 8
2018/11/16, 154, 46, 25, 16, 3, 7
2018/11/17, 134, 41, 11, 17, 3, 8
2018/11/18, 136, 26, 13, 18, 3, 8
2018/11/19, 107, 60, 20, 34, 6, 16
2018/11/20, 160, 55, 22, 34, 6, 13
2018/11/21, 143, 63, 35, 25, 5, 11
2018/11/22, 161, 82, 43, 40, 10, 19
2018/11/23, 175, 79, 38, 41, 6, 12
2018/11/24, 161, 80, 38, 46, 10, 15
2018/11/25, 170, 116, 33, 58, 7, 22
2018/11/26, 226, 114, 48, 59, 6, 24
2018/11/27, 202, 100, 59, 57, 9, 23
2018/11/28, 187, 132, 41, 57, 10, 22
2018/11/29, 187, 110, 39, 51, 10, 21
2018/11/30, 195, 151, 24, 39, 19, 36
2018/12/1, 291, 126, 15, 35, 9, 28
2018/12/2, 236, 100, 4, 29, 6, 21
2018/12/3, 194, 53, 17, 23, 3, 20
2018/12/4, 157, 87, 15, 17, 3, 14
2018/12/5, 156, 63, 7, 17, 4, 12
2018/12/6, 125, 15, 19, 13, 5, 9
2018/12/7, 66, 49, 19, 13, 2, 10
2018/12/8, 127, 38, 21, 14, 4, 7
2018/12/9, 80, 48, 15, 20, 7, 10
2018/12/10, 119, 50, 10, 20, 3, 9
2018/12/11, 151, 64, 13, 21, 5, 10
2018/12/12, 173, 99, 31, 33, 12, 18
2018/12/13, 202, 106, 25, 52, 10, 18
2018/12/14, 189, 79, 29, 39, 11, 14
2018/12/15, 168, 81, 18, 37, 7, 11
2018/12/16, 181, 98, 32, 33, 7, 12
2018/12/17, 205, 101, 24, 52, 10, 19
2018/12/18, 192, 112, 22, 54, 15, 23
2018/12/19, 177, 81, 15, 41, 17, 21
2018/12/20, 165, 53, 16, 33, 8, 14
2018/12/21, 141, 60, 26, 28, 8, 11
2018/12/22, 161, 57, 9, 22, 3, 12
2018/12/23, 163, 97, 39, 23, 6, 14
2018/12/24, 205, 86, 31, 30, 10, 18
2018/12/25, 177, 64, 8, 25, 3, 13
2018/12/26, 169, 57, 16, 23, 3, 12
2018/12/27, 161, 25, 15, 16, 3, 9
2018/12/28, 91, 82, 20, 14, 4, 9
2018/12/29, 127, 48, 23, 16, 4, 6
2018/12/30, 112, 35, 19, 17, 3, 7
2018/12/31, 102, , , , , 
2018/7/1, 95, 50, 42, 32, 3, 11
2018/7/2, 110, 59, 35, 33, 2, 14
2018/7/3, 132, 47, 49, 25, 2, 10
2018/7/4, 104, 27, 28, 17, 2, 9
2018/7/5, 73, 32, 27, 12, 2, 8
2018/7/6, 85, 17, 20, 9, 2, 6
2018/7/7, 48, 31, 26, 17, 3, 9
2018/7/8, 80, 29, 31, 23, 2, 9
2018/7/9, 72, 59, 85, 35, 4, 13
2018/7/10, 126, 51, 51, 18, 7, 13
2018/7/11, 113, 47, 57, 16, 5, 11
2018/7/12, 84, 36, 56, 19, 3, 7
2018/7/13, 74, 51, 50, 29, 3, 9
2018/7/14, 98, 54, 60, 22, 5, 10
2018/7/15, 99, 62, 70, 22, 8, 11
2018/7/16, 116, 59, 120, 20, 16, 12
2018/7/17, 119, 58, 73, 17, 6, 7
2018/7/18, 104, 53, 61, 19, 7, 7
2018/7/19, 98, 58, 101, 29, 10, 9
2018/7/20, 105, 69, 94, 36, 7, 8
2018/7/21, 115, 54, 70, 20, 8, 11
2018/7/22, 112, 45, 46, 24, 9, 12
2018/7/23, 85, 66, 99, 35, 4, 8
2018/7/24, 124, 52, 50, 26, 4, 6
2018/7/25, 84, 51, 58, 25, 4, 7
2018/7/26, 92, 54, 51, 23, 7, 12
2018/7/27, 89, 44, 63, 17, 7, 11
2018/7/28, 87, 49, 90, 20, 10, 12
2018/7/29, 93, 57, 108, 27, 6, 11
2018/7/30, 96, 49, 71, 27, 8, 11
2018/7/31, 93, 55, 104, 28, 9, 14
2018/8/1, 149, 59, 101, 25, 6, 12
2018/8/2, 119, 41, 59, 25, 5, 17
2018/8/3, 90, 43, 56, 24, 5, 12
2018/8/4, 89, 47, 90, 31, 4, 10
2018/8/5, 99, 53, 109, 28, 4, 13
2018/8/6, 117, 53, 119, 33, 5, 13
2018/8/7, 121, 58, 95, 32, 4, 11
2018/8/8, 123, 57, 122, 30, 6, 13
2018/8/9, 124, 66, 111, 30, 5, 11
2018/8/10, 134, 62, 127, 33, 6, 13
2018/8/11, 142, 66, 108, 25, 6, 12
2018/8/12, 137, 35, 46, 13, 5, 11
2018/8/13, 85, 31, 27, 13, 6, 13
2018/8/14, 63, , , , , 
2018/8/16, 77, 32, 33, 9, 2, 8
2018/8/17, 87, 36, 39, 14, 3, 8
2018/8/18, 91, 28, 48, 17, 3, 8
2018/8/19, 80, 22, 40, 16, 3, 7
2018/8/20, 63, 31, 73, 16, 6, 9
2018/8/21, 70, 43, 39, 20, 8, 19
2018/8/22, 94, , , , , 
2018/8/24, 99, 49, 93, 19, 10, 17
2018/8/25, 106, 44, 45, 15, 6, 10
2018/8/26, 104, 34, 41, 11, 3, 7
2018/8/27, 87, 35, 70, 14, 6, 11
2018/8/28, 88, 47, 55, 19, 6, 16
2018/8/29, 103, 37, 62, 20, 6, 16
2018/8/30, 90, 39, 41, 20, 6, 11
2018/8/31, 87, 28, 38, 23, 4, 15
2018/9/1, 78, 38, 52, 24, 3, 10
2018/9/2, 96, 52, 67, 27, 3, 11
2018/9/3, 104, 65, 121, 41, 9, 18
2018/9/4, 116, 76, 116, 41, 10, 13
2018/9/5, 145, 56, 53, 19, 4, 12
2018/9/6, 131, 46, 38, 17, 4, 8
2018/9/7, 89, 35, 69, 19, 4, 7
2018/9/8, 78, 56, 86, 34, 15, 20
2018/9/9, 111, 58, 58, 32, 8, 12
2018/9/10, 125, 57, 87, 33, 9, 15
2018/9/11, 128, 74, 81, 41, 10, 15
2018/9/12, 150, 75, 58, 34, 7, 13
2018/9/13, 151, 50, 91, 23, 9, 17
2018/9/14, 104, 45, 65, 13, 5, 10
2018/9/15, 110, 61, 58, 10, 4, 10
2018/9/16, 143, 41, 47, 11, 4, 11
2018/9/17, 100, 39, 44, 23, 5, 13
2018/9/18, 85, 56, 42, 23, 4, 10
2018/9/19, 90, 40, 42, 13, 4, 13
2018/9/20, 83, 30, 43, 17, 4, 11
2018/9/21, 88, 59, 46, 35, 6, 10
2018/9/22, 110, 101, 95, 49, 13, 20
2018/9/23, 158, 74, 89, 40, 10, 16
2018/9/24, 142, 59, 67, 23, 10, 14
2018/9/25, 145, 36, 40, 20, 6, 11
2018/9/26, 99, 42, 51, 21, 8, 12
2018/9/27, 95, 47, 72, 23, 5, 9
2018/9/28, 112, 62, 70, 37, 6, 13
2018/9/29, 140, 98, 80, 45, 8, 13
2018/9/30, 144, 51, 58, 20, 6, 8
2018/4/1, 189, 97, 65, 44, 6, 14
2018/4/2, 165, 86, 71, 35, 8, 13
2018/4/3, 156, 136, 23, 17, 9, 8
2018/4/4, 145, 34, 23, 13, 1, 8
2018/4/5, 101, 92, 40, 15, 3, 7
2018/4/6, 108, 94, 43, 23, 7, 11
2018/4/7, 94, 101, 55, 31, 4, 7
2018/4/8, 133, 102, 65, 38, 9, 10
2018/4/9, 139, 113, 86, 42, 7, 10
2018/4/10, 158, 129, 65, 54, 8, 19
2018/4/11, 166, 77, 28, 30, 9, 14
2018/4/12, 163, 36, 25, 16, 1, 7
2018/4/13, 108, 48, 33, 16, 2, 6
2018/4/14, 100, 328, 42, 31, 3, 7
2018/4/15, 162, 279, 54, 40, 6, 9
2018/4/16, 167, 149, 68, 37, 7, 9
2018/4/17, 158, 120, 77, 36, 11, 11
2018/4/18, 159, 97, 79, 34, 13, 11
2018/4/19, 150, 94, 71, 28, 14, 11
2018/4/20, 211, 59, 40, 21, 4, 10
2018/4/21, 134, 58, 18, 21, 9, 13
2018/4/22, 130, 24, 42, 10, 2, 9
2018/4/23, 79, 53, 41, 14, 3, 9
2018/4/24, 142, 64, 55, 25, 5, 14
2018/4/25, 146, 67, 53, 28, 5, 11
2018/4/26, 152, 73, 83, 45, 5, 13
2018/4/27, 161, 75, 78, 45, 6, 15
2018/4/28, 156, 71, 42, 40, 4, 14
2018/4/29, 149, 62, 57, 27, 4, 14
2018/4/30, 129, 53, 54, 31, 4, 12
2018/5/1, 113, 81, 70, 18, 2, 11
2018/5/2, 152, 82, 74, 36, 12, 17
2018/5/3, 123, 80, 57, 40, 10, 10
2018/5/4, 134, 55, 36, 22, 3, 9
2018/5/5, 126, 32, 33, 17, 2, 8
2018/5/6, 69, 26, 51, 12, 2, 7
2018/5/7, 67, 46, 45, 22, 4, 9
2018/5/8, 88, 75, 98, 35, 9, 12
2018/5/9, 130, 65, 67, 26, 13, 11
2018/5/10, 135, 68, 35, 31, 7, 14
2018/5/11, 166, 55, 60, 20, 4, 11
2018/5/12, 141, 64, 81, 33, 4, 9
2018/5/13, 143, 72, 48, 31, 6, 10
2018/5/14, 130, 60, 43, 17, 3, 7
2018/5/15, 100, 62, 55, 17, 3, 7
2018/5/16, 88, 65, 71, 27, 3, 11
2018/5/17, 103, 63, 37, 32, 5, 14
2018/5/18, 115, 48, 68, 23, 6, 13
2018/5/19, 101, 64, 34, 22, 5, 19
2018/5/20, 102, 43, 20, 18, 5, 14
2018/5/21, 83, 56, 31, 13, 2, 9
2018/5/22, 95, 113, 64, 17, 4, 10
2018/5/23, 155, 79, 56, 27, 4, 12
2018/5/24, 142, 66, 55, 23, 5, 12
2018/5/25, 130, 26, 43, 13, 2, 12
2018/5/26, 66, 183, 61, 15, 3, 8
2018/5/27, 165, 113, 41, 39, 5, 7
2018/5/28, 146, 145, 58, 49, 11, 12
2018/5/29, 158, 83, 36, 35, 6, 13
2018/5/30, 146, 50, 46, 28, 3, 10
2018/5/31, 103, 73, 85, 35, 5, 15
2018/6/1, 144, 52, 85, 40, 4, 9
2018/6/2, 108, 62, 114, 37, 3, 9
2018/6/3, 133, 78, 69, 41, 4, 9
2018/6/4, 145, 73, 55, 36, 4, 10
2018/6/5, 158, 72, 109, 42, 4, 11
2018/6/6, 152, 61, 105, 35, 9, 13
2018/6/7, 117, 48, 36, 22, 5, 10
2018/6/8, 94, 48, 62, 15, 3, 9
2018/6/9, 95, 52, 106, 20, 2, 10
2018/6/10, 103, 66, 102, 45, 5, 9
2018/6/11, 117, 94, 99, 47, 6, 10
2018/6/12, 129, 54, 75, 19, 5, 8
2018/6/13, 110, 59, 109, 30, 10, 12
2018/6/14, 115, 81, 126, 38, 12, 12
2018/6/15, 136, 68, 141, 27, 8, 10
2018/6/16, 144, 70, 82, 20, 10, 10
2018/6/17, 152, , , , , 
2018/6/19, 107, 33, 36, 18, 2, 8
2018/6/20, 81, 57, 93, 23, 5, 10
2018/6/21, 122, 42, 43, 22, 4, 15
2018/6/22, 97, 48, 107, 24, 5, 12
2018/6/23, 102, 49, 72, 20, 4, 11
2018/6/24, 114, 40, 57, 17, 3, 9
2018/6/25, 76, 46, 46, 19, 3, 6
2018/6/26, 68, 49, 46, 15, 3, 6
2018/6/27, 67, 47, 40, 20, 4, 12
2018/6/28, 82, 56, 70, 27, 4, 10
2018/6/29, 119, 47, 26, 30, 4, 10
2018/6/30, 99, 46, 63, 20, 4, 11
2018/1/17, 201, 85, 27, 30, 9, 12
2018/1/18, 193, 90, 20, 31, 4, 13
2018/1/19, 210, 88, 11, 29, 4, 15
2018/1/20, 226, 117, 4, 37, 8, 26
2018/1/21, 255, 91, 6, 40, 6, 24
2018/1/22, 217, 75, 24, 34, 8, 17
2018/1/23, 178, 78, 14, 21, 4, 16
2018/1/24, 192, 35, 13, 15, 3, 11
2018/1/25, 148, 25, 21, 14, 2, 6
2018/1/26, 117, 32, 24, 14, 5, 7
2018/1/27, 122, 39, 32, 11, 2, 7
2018/1/28, 145, 46, 35, 10, 3, 6
2018/1/29, 153, 64, 39, 25, 5, 9
2018/1/30, 169, 70, 43, 45, 12, 15
2018/1/31, 166, 67, 39, 32, 7, 9
2018/2/1, 161, 110, 26, 50, 17, 19
2018/2/2, 175, 90, 30, 34, 8, 9
2018/2/3, 152, 69, 30, 20, 6, 7
2018/2/4, 96, 67, 29, 29, 11, 9
2018/2/5, 122, 86, 33, 38, 8, 10
2018/2/6, 149, 101, 38, 49, 11, 14
2018/2/7, 166, 111, 23, 54, 15, 15
2018/2/8, 179, 97, 44, 47, 11, 13
2018/2/9, 175, 108, 26, 60, 20, 20
2018/2/10, 179, 107, 38, 32, 9, 13
2018/2/11, 205, 124, 45, 48, 11, 13
2018/2/12, 194, 83, 38, 33, 13, 15
2018/2/13, 110, 92, 46, 37, 12, 11
2018/2/14, 157, 107, 26, 49, 15, 20
2018/2/15, 174, 83, 25, 18, 5, 10
2018/2/16, 176, 86, 31, 16, 5, 11
2018/2/17, 180, 70, 40, 15, 8, 16
2018/2/18, 172, 67, 30, 13, 3, 11
2018/2/19, 173, 33, 21, 13, 3, 8
2018/2/20, 122, 16, 18, 14, 2, 9
2018/2/21, 82, 53, 27, 13, 2, 10
2018/2/22, 150, 70, 39, 21, 3, 13
2018/2/23, 171, 61, 48, 24, 6, 13
2018/2/24, 152, 79, 28, 25, 11, 14
2018/2/25, 131, 89, 30, 24, 4, 11
2018/2/26, 170, 73, 47, 32, 8, 13
2018/2/27, 169, 41, 17, 31, 8, 13
2018/2/28, 120, 42, 42, 20, 2, 10
2018/3/1, 122, 62, 25, 28, 6, 15
2018/3/2, 157, 56, 25, 25, 6, 16
2018/3/3, 159, 67, 25, 30, 5, 17
2018/3/4, 167, 47, 12, 22, 7, 16
2018/3/5, 127, 34, 30, 14, 3, 10
2018/3/6, 96, 43, 26, 23, 5, 10
2018/3/7, 117, 24, 24, 17, 2, 6
2018/3/8, 99, 42, 31, 25, 3, 7
2018/3/9, 129, 77, 46, 31, 6, 9
2018/3/10, 164, 75, 46, 34, 11, 12
2018/3/11, 146, 83, 36, 45, 14, 12
2018/3/12, 139, 107, 52, 54, 9, 14
2018/3/13, 149, 101, 45, 56, 12, 15
2018/3/14, 165, 61, 37, 27, 7, 12
2018/3/15, 152, 65, 41, 25, 7, 12
2018/3/16, 145, 55, 26, 15, 3, 8
2018/3/17, 139, 53, 21, 22, 8, 13
2018/3/18, 167, 25, 19, 16, 1, 8
2018/3/19, 95, 35, 18, 16, 1, 9
2018/3/20, 146, 40, 40, 17, 1, 8
2018/3/21, 127, 67, 33, 34, 4, 8
2018/3/22, 130, 97, 33, 47, 4, 12
2018/3/23, 160, 91, 51, 45, 10, 14
2018/3/24, 154, 92, 36, 37, 13, 11
2018/3/25, 143, 85, 59, 37, 4, 14
2018/3/26, 150, 84, 59, 45, 4, 9
2018/3/27, 140, 95, 69, 48, 9, 14
2018/3/28, 153, 101, 39, 57, 15, 17
2018/3/29, 157, 104, 83, 36, 8, 18
2018/3/30, 175, 106, 71, 46, 6, 13
2018/3/31, 227, 136, 68, 67, 8, 19
2017/10/1, 130, 23, 22, 12, 3, 11
2017/10/2, 151, 16, 26, 14, 3, 10
2017/10/3, 53, 13, 20, 10, 3, 8
2017/10/4, 52, 17, 12, 15, 2, 11
2017/10/5, 49, , , , , 
2017/11/3, 173, 116, 3, 71, 8, 19
2017/11/4, 189, , , , , 
2017/7/1, 52, 32, 67, 15, 2, 8
2017/7/2, 72, 61, 79, 18, 2, 12
2017/7/3, 124, 51, 41, 17, 3, 9
2017/7/4, 91, 48, 34, 17, 2, 9
2017/7/5, 79, 49, 38, 19, 3, 12
2017/7/6, 74, 47, 36, 22, 2, 7
2017/7/7, 66, 48, 30, 18, 2, 7
2017/7/8, 76, 38, 16, 16, 1, 7
2017/7/9, 70, 31, 45, 21, 1, 7
2017/7/10, 63, 36, 36, 15, 2, 6
2017/7/11, 60, 35, 41, 11, 2, 6
2017/7/12, 47, 49, 39, 18, 2, 7
2017/7/13, 79, 47, 39, 21, 2, 7
2017/7/14, 76, 73, 19, 29, 3, 8
2017/7/15, 90, , , , , 
2017/7/18, 96, 49, 33, 16, 2, 5
2017/7/19, 67, 43, 36, 8, 2, 5
2017/7/20, 64, 49, 40, 16, 3, 5
2017/7/21, 63, 77, 63, 29, 3, 6
2017/7/22, 95, , , , , 
2017/7/25, 142, 87, 88, 37, 3, 8
2017/7/26, 131, 93, 99, 30, 3, 9
2017/7/27, 151, 96, 79, 31, 4, 14
2017/7/28, 156, , , , , 
2017/7/31, 71, 24, 26, 14, 1, 10
2017/8/1, 65, 22, 35, 17, 1, 10
2017/8/2, 64, 94, 82, 36, 2, 10
2017/8/3, 107, 70, 43, 35, 2, 12
2017/8/4, 125, 83, 76, 36, 3, 12
2017/8/5, 135, 69, 24, 28, 2, 9
2017/8/6, 109, , , , , 
2017/8/10, 84, 71, 47, 24, 5, 11
2017/8/11, 116, 31, 21, 14, 3, 7
2017/8/12, 67, 30, 32, 20, 2, 10
2017/8/13, 96, 54, 43, 21, 3, 10
2017/8/14, 103, 66, 84, 28, 3, 13
2017/8/15, 145, 71, 76, 34, 3, 11
2017/8/16, 144, 45, 36, 15, 4, 9
2017/8/17, 75, 61, 10, 22, 10, 17
2017/8/18, 97, , , , , 
2017/8/21, 128, 61, 70, 22, 6, 13
2017/8/22, 106, 67, 68, 22, 13, 12
2017/8/23, 117, 61, 74, 22, 11, 12
2017/8/24, 97, 51, 91, 26, 6, 18
2017/8/25, 88, , , , , 
2017/8/28, 78, 53, 42, 10, 3, 12
2017/8/29, 108, , , , , 
2017/8/31, 73, 41, 20, 19, 5, 9
2017/9/1, 72, , , , , 
2017/9/15, 94, 75, 94, 31, 10, 16
2017/9/16, 108, , , , , 
2017/9/18, 158, 57, 37, 26, 5, 12
2017/9/19, 143, 46, 32, 21, 5, 13
2017/9/20, 97, 78, , 36, , 
2017/9/25, 141, 55, 46, 21, 4, 16
2017/9/26, 104, 31, 28, 14, 2, 13
2017/9/27, 69, 32, 38, 15, 2, 10
2017/9/28, 72, 45, 30, 27, 6, 12
2017/9/29, 97, 55, 21, 27, 6, 14
2017/9/30, 108, 69, 49, 24, 5, 13
2017/4/1, 164, 84, 79, 47, 10, 12
2017/4/2, 156, 94, 41, 46, 21, 14
2017/4/3, 160, 92, 25, 46, 16, 14
2017/4/4, 161, 83, 26, 37, 6, 17
2017/4/5, 171, 50, 24, 24, 4, 13
2017/4/6, 131, 75, 40, 31, 4, 17
2017/4/7, 156, 67, 51, 31, 6, 19
2017/4/8, 147, 13, 43, 13, 2, 13
2017/4/9, 64, 17, 35, 15, 2, 9
2017/4/10, 58, 54, 50, 22, 4, 13
2017/4/11, 144, 80, 54, 41, 6, 15
2017/4/12, 157, 94, 62, 48, 5, 16
2017/4/13, 158, 89, 60, 43, 6, 12
2017/4/14, 145, 99, 67, 47, 9, 15
2017/4/15, 155, 92, 31, 37, 6, 18
2017/4/16, 161, 58, 38, 20, 3, 10
2017/4/17, 90, 95, 45, 35, 6, 12
2017/4/18, 113, 125, 30, 40, 7, 17
2017/4/19, 156, 73, 31, 22, 4, 11
2017/4/20, 117, 89, 28, 27, 5, 9
2017/4/21, 122, 98, 59, 35, 7, 10
2017/4/22, 126, 116, 67, 45, 5, 10
2017/4/23, 135, 97, 72, 44, 11, 11
2017/4/24, 144, 86, 43, 36, 7, 11
2017/4/25, 144, 67, 55, 15, 3, 10
2017/4/26, 152, 66, 82, 23, 6, 7
2017/4/27, 128, 92, 86, 47, 7, 9
2017/4/28, 142, 87, 73, 52, 7, 8
2017/4/29, 127, 98, 87, 50, 10, 10
2017/4/30, 145, 92, 36, 47, 8, 14
2017/5/1, 159, 75, 69, 37, 7, 14
2017/5/2, 144, 53, 34, 17, 5, 11
2017/5/3, 142, 34, 45, 16, 3, 9
2017/5/4, 77, 83, 64, 30, 4, 10
2017/5/5, 118, 582, 39, 28, 10, 12
2017/5/6, 234, 254, 18, 39, 6, 17
2017/5/7, 187, 58, 42, 21, 4, 10
2017/5/8, 119, 73, 48, 32, 4, 10
2017/5/9, 113, 100, 75, 45, 6, 12
2017/5/10, 141, 105, 38, 48, 7, 34
2017/5/11, 151, 55, 68, 23, 3, 7
2017/5/12, 93, 86, 79, 39, 4, 13
2017/5/13, 110, 150, 98, 41, 9, 16
2017/5/14, 162, 76, 48, 25, 3, 12
2017/5/15, 138, 77, 64, 21, 3, 9
2017/5/16, 141, 90, 101, 40, 4, 9
2017/5/17, 148, 112, 102, 45, 8, 13
2017/5/18, 160, 102, 45, 35, 8, 13
2017/5/19, 167, 105, 103, 37, 6, 14
2017/5/20, 171, 98, 86, 38, 5, 12
2017/5/21, 157, 57, 56, 23, 2, 10
2017/5/22, 128, 30, 35, 15, 2, 10
2017/5/23, 74, 50, 67, 13, 3, 8
2017/5/24, 99, 74, 89, 41, 7, 13
2017/5/25, 122, 89, 105, 45, 6, 13
2017/5/26, 178, 104, 113, 46, 7, 12
2017/5/27, 139, 137, 102, 46, 6, 14
2017/5/28, 137, 107, 98, 43, 9, 12
2017/5/29, 141, 109, 81, 65, 6, 12
2017/5/30, 155, 95, 64, 43, 4, 11
2017/5/31, 157, 68, 51, 28, 3, 10
2017/6/1, 116, 86, 102, 38, 3, 18
2017/6/2, 161, 97, 101, 31, 3, 13
2017/6/3, 158, 84, 60, 16, 4, 12
2017/6/4, 145, 45, 46, 17, 2, 11
2017/6/5, 113, 26, 60, 11, 2, 7
2017/6/6, 75, 56, 108, 37, 3, 11
2017/6/7, 104, 74, 87, 32, 5, 12
2017/6/8, 135, 56, 19, 27, 4, 15
2017/6/9, 112, 45, 36, 18, 1, 15
2017/6/10, 108, 46, 31, 24, 1, 13
2017/6/11, 91, 45, 20, 32, 2, 14
2017/6/12, 100, 38, 29, 23, 1, 14
2017/6/13, 96, 60, 41, 28, 3, 13
2017/6/14, 112, 65, 37, 32, 2, 11
2017/6/15, 146, 72, 92, 31, 6, 14
2017/6/16, 136, 70, 99, 40, 2, 9
2017/6/17, 140, 66, 62, 27, 5, 10
2017/6/18, 127, 66, 53, 30, 5, 10
2017/6/19, 115, 78, 93, 40, 3, 11
2017/6/20, 152, 84, 28, 41, 2, 10
2017/6/21, 158, , , , , 
2017/6/24, 126, 74, 56, 36, 1, 10
2017/6/25, 135, 63, 40, 34, 2, 10
2017/6/26, 130, 48, 75, 18, 2, 8
2017/6/27, 95, 54, 93, 21, 2, 9
2017/6/28, 97, 60, 72, 20, 4, 10
2017/6/29, 104, 28, 27, 17, 1, 7
2017/6/30, 72, 20, 21, 15, 2, 7
2017/1/3, 197, 141, 24, 56, 14, 22
2017/1/4, 230, 162, 11, 51, 9, 26
2017/1/5, 273, 33, 17, 24, 3, 16
2017/1/6, 107, 18, 21, 21, 2, 7
2017/1/7, 76, 34, 14, 21, 2, 10
2017/1/8, 108, 68, 25, 28, 6, 12
2017/1/9, 155, 94, 29, 38, 13, 20
2017/1/10, 186, 72, 31, 29, 7, 14
2017/1/11, 173, 82, 17, 29, 8, 16
2017/1/12, 186, 77, 26, 32, 5, 14
2017/1/13, 180, 95, 16, 44, 6, 19
2017/1/14, 181, 83, 29, 36, 17, 22
2017/1/15, 163, 65, 20, 30, 10, 12
2017/1/16, 138, 79, 32, 36, 10, 17
2017/1/17, 198, 81, 22, 35, 7, 11
2017/1/18, 161, 80, 14, 31, 7, 11
2017/1/19, 174, 94, 39, 23, 7, 10
2017/1/20, 187, 107, 37, 27, 9, 9
2017/1/21, 154, 98, 32, 41, 12, 17
2017/1/22, 160, 135, 35, 51, 10, 19
2017/1/23, 205, 106, 34, 45, 14, 15
2017/1/24, 183, 80, 38, 39, 15, 14
2017/1/25, 165, 75, 36, 32, 7, 14
2017/1/26, 170, 69, 41, 33, 7, 13
2017/1/27, 167, 161, 32, 28, 10, 15
2017/1/28, 207, 131, 31, 27, 14, 20
2017/1/29, 222, 100, 26, 11, 6, 15
2017/1/30, 193, 89, 33, 11, 7, 16
2017/1/31, 188, 67, 25, 19, 8, 18
2017/2/1, 163, 48, 22, 12, 2, 12
2017/2/2, 157, 54, 21, 19, 2, 15
2017/2/3, 160, 52, 13, 20, 2, 16
2017/2/4, 160, 47, 13, 19, 4, 16
2017/2/5, 148, 63, 18, 24, 4, 17
2017/2/6, 161, 84, 31, 30, 6, 18
2017/2/7, 174, 50, 28, 21, 6, 12
2017/2/8, 149, 39, 33, 13, 3, 9
2017/2/9, 132, 71, 37, 23, 6, 13
2017/2/10, 173, 73, 41, 35, 10, 14
2017/2/11, 161, 79, 37, 39, 14, 16
2017/2/12, 157, 102, 46, 50, 10, 16
2017/2/13, 176, 95, 44, 55, 19, 18
2017/2/14, 171, 87, 44, 47, 12, 15
2017/2/15, 155, 123, 41, 67, 16, 20
2017/2/16, 176, 115, 63, 51, 13, 15
2017/2/17, 174, 158, 23, 22, 7, 16
2017/2/18, 262, 99, 19, 36, 11, 17
2017/2/19, 185, 130, 32, 41, 9, 17
2017/2/20, 208, 119, 24, 28, 8, 18
2017/2/21, 197, 48, 19, 22, 8, 17
2017/2/22, 100, 50, 24, 20, 5, 11
2017/2/23, 156, 66, 33, 33, 10, 13
2017/2/24, 162, 76, 40, 41, 9, 11
2017/2/25, 158, 81, 47, 46, 10, 11
2017/2/26, 162, 98, 53, 54, 9, 13
2017/2/27, 164, 113, 52, 58, 19, 16
2017/2/28, 168, 100, 49, 54, 17, 15
2017/3/1, 168, 109, 44, 35, 8, 11
2017/3/2, 140, 91, 37, 34, 12, 11
2017/3/3, 112, 86, 39, 42, 21, 12
2017/3/4, 146, 98, 20, 49, 13, 16
2017/3/5, 167, 64, 33, 34, 6, 12
2017/3/6, 158, 157, 55, 42, 9, 20
2017/3/7, 297, 125, 61, 49, 9, 18
2017/3/8, 237, 96, 55, 46, 13, 13
2017/3/9, 173, 117, 61, 57, 18, 14
2017/3/10, 176, 77, 38, 38, 11, 12
2017/3/11, 156, 105, 25, 48, 10, 15
2017/3/12, 173, 67, 48, 32, 6, 15
2017/3/13, 161, 28, 41, 15, 3, 9
2017/3/14, 110, 63, 42, 26, 8, 13
2017/3/15, 121, 65, 28, 37, 10, 12
2017/3/16, 259, 72, 36, 38, 8, 14
2017/3/17, 164, 75, 25, 48, 6, 13
2017/3/18, 171, 74, 30, 39, 5, 13
2017/3/19, 178, 69, 18, 34, 5, 14
2017/3/20, 175, 45, 37, 21, 2, 9
2017/3/21, 131, 59, 30, 31, 5, 12
2017/3/22, 153, 45, 26, 35, 3, 11
2017/3/23, 126, 52, 24, 29, 4, 15
2017/3/24, 142, 37, 21, 22, 2, 8
2017/3/25, 121, 74, 36, 33, 5, 9
2017/3/26, 124, 118, 59, 51, 9, 11
2017/3/27, 139, 99, 42, 41, 10, 10
2017/3/28, 142, 101, 40, 34, 12, 16
2017/3/29, 170, 73, 46, 25, 7, 19
2017/3/30, 166, 51, 53, 20, 5, 10
2017/3/31, 138, 79, 62, 42, 7, 21
2016/10/1, 134, 53, 16, 25, 5, 8
2016/10/2, 132, 91, 39, 38, 7, 17
2016/10/3, 169, 82, 61, 41, 10, 18
2016/10/4, 161, 79, 54, 35, 8, 12
2016/10/5, 144, 93, 59, 38, 8, 16
2016/10/6, 160, 84, 46, 25, 7, 15
2016/10/7, 156, 69, 55, 16, 4, 8
2016/10/8, 142, 66, 64, 22, 11, 15
2016/10/9, 123, 60, 46, 22, 10, 12
2016/10/10, 93, 68, 21, 23, 7, 10
2016/10/11, 126, 43, 18, 26, 5, 12
2016/10/12, 114, 50, 19, 24, 4, 8
2016/10/13, 128, 58, 18, 29, 4, 10
2016/10/14, 134, 78, 24, 32, 6, 11
2016/10/15, 149, 52, 25, 23, 5, 9
2016/10/16, 116, 73, 37, 40, 8, 14
2016/10/17, 144, 76, 50, 37, 7, 12
2016/10/18, 133, 98, 20, 37, 6, 17
2016/10/19, 178, 69, 6, 27, 4, 19
2016/10/20, 157, 31, 25, 19, 3, 13
2016/10/21, 76, 19, 14, 17, 2, 11
2016/10/22, 60, 24, 11, 16, 2, 12
2016/10/23, 70, 30, 5, 15, 3, 11
2016/10/24, 73, 26, 15, 21, 3, 12
2016/10/25, 73, 19, 6, 17, 2, 11
2016/10/26, 65, 37, 5, 19, 3, 15
2016/10/27, 95, 24, 26, 15, 2, 10
2016/10/28, 76, 20, 21, 17, 2, 8
2016/10/29, 74, 44, 19, 24, 4, 11
2016/10/31, 111, 32, 15, 21, 4, 10
2016/11/1, 95, 40, 16, 18, 3, 9
2016/11/2, 107, 52, 27, 22, 4, 8
2016/11/3, 119, 82, 30, 31, 5, 12
2016/11/4, 160, 94, 38, 39, 6, 21
2016/11/5, 164, 99, 35, 42, 13, 20
2016/11/6, 169, 105, 37, 39, 12, 19
2016/11/7, 176, 71, 36, 18, 4, 13
2016/11/8, 158, 50, 29, 14, 4, 9
2016/11/9, 142, 52, 26, 23, 4, 8
2016/11/10, 139, 57, 30, 27, 5, 8
2016/11/11, 148, 79, 27, 34, 11, 11
2016/11/12, 155, 92, 29, 38, 10, 14
2016/11/13, 155, 116, 20, 42, 13, 21
2016/11/14, 173, 142, 30, 52, 13, 24
2016/11/15, 184, 125, 27, 40, 8, 17
2016/11/16, 214, 87, 23, 32, 7, 16
2016/11/17, 180, 47, 7, 22, 4, 13
2016/11/18, 129, 55, 2, 23, 4, 16
2016/11/19, 124, 70, 26, 28, 5, 15
2016/11/20, 155, 78, 24, 27, 6, 18
2016/11/21, 165, 57, 6, 27, 4, 19
2016/11/22, 135, 15, 19, 14, 2, 8
2016/11/23, 56, 21, 24, 14, 2, 7
2016/11/24, 85, 68, 21, 30, 9, 16
2016/11/25, 144, 67, 15, 32, 7, 10
2016/11/26, 132, 69, 23, 28, 6, 7
2016/11/27, 152, 193, 24, 64, 10, 27
2016/11/28, 205, 130, 36, 51, 9, 22
2016/11/29, 177, 110, 20, 37, 9, 15
2016/11/30, 180, 98, 28, 31, 6, 10
2016/12/1, 179, 134, 13, 52, 9, 21
2016/12/2, 203, 136, 37, 53, 9, 21
2016/12/3, 202, 137, 26, 56, 13, 17
2016/12/4, 197, 101, 28, 33, 8, 14
2016/12/5, 192, 127, 39, 38, 12, 17
2016/12/6, 192, 100, 32, 34, 10, 16
2016/12/7, 176, 133, 26, 64, 8, 19
2016/12/8, 202, 140, 38, 68, 10, 19
2016/12/9, 210, 118, 45, 50, 18, 22
2016/12/10, 206, 70, 28, 25, 7, 11
2016/12/11, 163, 82, 18, 33, 8, 16
2016/12/12, 168, 83, 6, 30, 6, 13
2016/12/13, 178, 81, 11, 21, 4, 13
2016/12/14, 191, 54, 20, 18, 4, 11
2016/12/15, 151, 81, 28, 35, 10, 17
2016/12/16, 173, 100, 39, 42, 12, 14
2016/12/17, 189, 90, 19, 44, 17, 14
2016/12/18, 177, 95, 28, 48, 17, 15
2016/12/19, 175, 93, 11, 44, 9, 16
2016/12/20, 176, 87, 7, 27, 4, 16
2016/12/21, 206, 45, 23, 27, 3, 18
2016/12/22, 146, 80, 35, 40, 6, 18
2016/12/23, 167, 111, 20, 44, 7, 22
2016/12/24, 178, 78, 11, 36, 9, 19
2016/12/25, 165, 42, 4, 23, 3, 13
2016/12/26, 140, 42, 9, 22, 5, 11
2016/12/27, 209, 65, 32, 26, 9, 14
2016/12/28, 164, 89, 24, 35, 15, 19
2016/12/29, 177, 86, 26, 35, 14, 14
2016/12/30, 289, 107, 22, 38, 12, 20
2016/12/31, 195, 123, 25, 53, 16, 27
2017/1/1, 194, , , , , 
2016/7/1, 61, 22, 18, 19, 3, 7
2016/7/2, 50, 34, 36, 22, 1, 6
2016/7/3, 59, 24, 35, 16, 1, 8
2016/7/4, 51, 32, 28, 20, 2, 7
2016/7/5, 62, 34, 18, 18, 1, 11
2016/7/6, 58, 50, 94, 24, 2, 8
2016/7/7, 93, 68, 100, 30, 3, 10
2016/7/8, 122, 62, 85, 20, 7, 8
2016/7/9, 94, 59, 61, 21, 3, 8
2016/7/10, 98, 62, 62, 24, 3, 10
2016/7/11, 109, 82, 123, 37, 3, 9
2016/7/12, 130, 73, 51, 33, 3, 11
2016/7/13, 114, 62, 72, 23, 3, 9
2016/7/14, 124, 28, 31, 16, 1, 6
2016/7/15, 64, 58, 114, 30, 4, 11
2016/7/16, 99, 72, 47, 25, 5, 10
2016/7/17, 116, 56, 55, 16, 4, 6
2016/7/18, 89, 52, 24, 17, 1, 7
2016/7/19, 88, 46, 27, 15, 1, 5
2016/7/20, 73, 46, 40, 17, 2, 6
2016/7/21, 73, 53, 51, 20, 2, 4
2016/7/22, 71, 58, 70, 25, 2, 5
2016/7/23, 81, 67, 52, 26, 2, 5
2016/7/24, 76, 81, 74, 31, 2, 7
2016/7/25, 96, 89, 77, 57, 2, 6
2016/7/26, 134, 85, 96, 35, 2, 10
2016/7/27, 121, 80, 97, 28, 4, 6
2016/7/28, 130, 71, 82, 24, 4, 5
2016/7/29, 98, 74, 75, 29, 8, 5
2016/7/30, 89, 127, 118, 35, 7, 14
2016/7/31, 131, 87, 120, 30, 7, 13
2016/8/1, 121, 65, 69, 25, 8, 15
2016/8/2, 95, 58, 44, 23, 4, 19
2016/8/3, 92, 51, 32, 23, 2, 10
2016/8/4, 76, 64, 61, 22, 2, 8
2016/8/5, 107, 61, 39, 30, 2, 8
2016/8/6, 99, 61, 52, 27, 3, 13
2016/8/7, 109, 54, 37, 20, 3, 11
2016/8/8, 93, 60, 57, 19, 3, 9
2016/8/9, 112, 61, 56, 22, 4, 8
2016/8/10, 101, 69, 84, 22, 4, 12
2016/8/11, 106, 76, 93, 22, 3, 10
2016/8/12, 105, 70, 73, 24, 4, 8
2016/8/13, 101, 65, 83, 23, 4, 9
2016/8/14, 97, 71, 91, 23, 6, 14
2016/8/15, 104, 84, 87, 26, 11, 16
2016/8/16, 151, 91, 120, 20, 5, 17
2016/8/17, 157, 87, 113, 27, 9, 12
2016/8/18, 147, 85, 80, 38, 7, 8
2016/8/19, 132, 93, 74, 25, 4, 13
2016/8/20, 150, 63, 64, 8, 2, 10
2016/8/21, 135, 76, 84, 18, 3, 11
2016/8/22, 151, 82, 100, 29, 4, 14
2016/8/23, 153, 105, 114, 39, 4, 14
2016/8/24, 160, 91, 97, 34, 6, 14
2016/8/25, 154, 26, 33, 11, 2, 6
2016/8/26, 58, 54, 77, 16, 5, 6
2016/8/27, 86, 61, 84, 30, 8, 8
2016/8/28, 93, 81, 121, 42, 22, 20
2016/8/29, 113, 90, 102, 28, 12, 10
2016/8/30, 142, 88, 81, 26, 7, 7
2016/8/31, 136, 92, 83, 25, 7, 9
2016/9/1, 154, 102, 153, 43, 8, 12
2016/9/2, 146, 116, 111, 54, 11, 15
2016/9/3, 161, 104, 89, 49, 16, 15
2016/9/4, 151, 101, 110, 49, 14, 13
2016/9/5, 143, 77, 50, 31, 8, 7
2016/9/6, 109, 90, 92, 46, 15, 7
2016/9/7, 151, 114, 111, 46, 8, 10
2016/9/8, 157, 106, 74, 38, 9, 10
2016/9/9, 164, 78, 84, 27, 6, 9
2016/9/10, 139, 100, 119, 32, 7, 8
2016/9/11, 149, 88, 105, 28, 13, 11
2016/9/12, 151, 82, 95, 32, 14, 12
2016/9/13, 141, 88, 111, 38, 14, 21
2016/9/14, 141, 57, 74, 16, 5, 9
2016/9/15, 95, 36, 30, 10, 3, 7
2016/9/16, 59, 40, 43, 14, 4, 7
2016/9/17, 60, 64, 77, 23, 9, 13
2016/9/18, 101, 77, 62, 23, 8, 14
2016/9/19, 128, 75, 79, 15, 7, 8
2016/9/20, 114, 82, 87, 30, 10, 13
2016/9/21, 128, 150, 111, 49, 12, 19
2016/9/22, 166, 113, 109, 54, 12, 16
2016/9/23, 164, 131, 110, 52, 12, 15
2016/9/24, 167, 120, 63, 45, 14, 21
2016/9/25, 174, 114, 115, 30, 10, 20
2016/9/26, 178, 61, 46, 13, 5, 12
2016/9/27, 124, 65, 30, 9, 4, 8
2016/9/28, 84, 39, 51, 12, 4, 12
2016/9/29, 92, 36, 25, 21, 6, 6
2016/9/30, 93, 48, 14, 29, 5, 9
2016/4/1, 162, 93, 22, 38, 11, 15
2016/4/2, 169, 52, 29, 17, 2, 10
2016/4/3, 139, 66, 37, 25, 6, 13
2016/4/4, 140, 68, 13, 26, 11, 17
2016/4/5, 155, 19, 13, 20, 1, 10
2016/4/6, 77, 52, 41, 29, 5, 15
2016/4/7, 116, 102, 48, 59, 7, 19
2016/4/8, 171, 112, 32, 62, 8, 18
2016/4/9, 168, 115, 75, 61, 10, 19
2016/4/10, 174, 104, 91, 49, 11, 16
2016/4/11, 156, 86, 61, 42, 10, 12
2016/4/12, 167, 120, 99, 59, 7, 12
2016/4/13, 193, 113, 76, 45, 11, 11
2016/4/14, 165, 61, 58, 25, 8, 8
2016/4/15, 111, 43, 40, 20, 3, 8
2016/4/16, 99, 60, 30, 29, 6, 11
2016/4/17, 112, 67, 52, 31, 4, 7
2016/4/18, 123, 75, 56, 30, 8, 10
2016/4/19, 133, 45, 40, 21, 7, 10
2016/4/20, 126, 62, 70, 28, 3, 15
2016/4/21, 139, 89, 39, 40, 5, 11
2016/4/22, 149, 48, 44, 25, 2, 8
2016/4/23, 96, 52, 41, 23, 5, 11
2016/4/24, 99, 65, 52, 31, 7, 11
2016/4/25, 130, 63, 34, 30, 4, 11
2016/4/26, 141, 79, 72, 21, 3, 11
2016/4/27, 160, 71, 84, 37, 11, 15
2016/4/28, 121, 88, 87, 44, 8, 9
2016/4/29, 144, 89, 86, 43, 6, 8
2016/4/30, 140, 87, 58, 33, 5, 8
2016/5/1, 130, 71, 28, 22, 2, 8
2016/5/2, 129, 89, 65, 33, 4, 7
2016/5/3, 116, 113, 56, 46, 11, 11
2016/5/4, 141, 53, 39, 19, 2, 8
2016/5/5, 112, 84, 51, 30, 5, 13
2016/5/6, 156, 101, 46, 20, 3, 10
2016/5/7, 156, 79, 30, 15, 1, 8
2016/5/8, 131, 59, 25, 29, 2, 9
2016/5/9, 129, 65, 49, 25, 2, 9
2016/5/10, 147, 86, 80, 30, 11, 11
2016/5/11, 158, 108, 96, 24, 15, 11
2016/5/12, 164, 90, 61, 17, 10, 8
2016/5/13, 112, 99, 49, 35, 8, 17
2016/5/14, 178, 50, 36, 16, 3, 7
2016/5/15, 104, 90, 83, 36, 6, 8
2016/5/16, 143, 94, 80, 40, 12, 8
2016/5/17, 147, 103, 78, 43, 12, 10
2016/5/18, 163, 118, 64, 43, 13, 12
2016/5/19, 189, 56, 51, 22, 3, 13
2016/5/20, 163, 25, 36, 14, 3, 6
2016/5/21, 89, 39, 38, 17, 3, 6
2016/5/22, 95, 72, 39, 35, 3, 8
2016/5/23, 153, 80, 79, 41, 3, 8
2016/5/24, 167, 86, 57, 40, 3, 9
2016/5/25, 162, 49, 47, 24, 1, 8
2016/5/26, 140, 49, 36, 24, 1, 9
2016/5/27, 138, 33, 59, 16, 1, 7
2016/5/28, 80, 57, 84, 34, 2, 13
2016/5/29, 111, 83, 83, 42, 12, 14
2016/5/30, 144, 84, 42, 38, 8, 12
2016/5/31, 144, 42, 31, 19, 6, 9
2016/6/1, 91, 32, 57, 21, 9, 20
2016/6/2, 80, 53, 46, 21, 5, 10
2016/6/3, 105, 76, 91, 40, 4, 8
2016/6/4, 149, 91, 84, 43, 11, 11
2016/6/5, 148, 66, 74, 39, 13, 14
2016/6/6, 106, 71, 43, 28, 2, 13
2016/6/7, 124, 76, 76, 32, 3, 9
2016/6/8, 144, 80, 86, 34, 5, 11
2016/6/9, 140, 100, 98, 52, 6, 11
2016/6/10, 157, 84, 48, 36, 3, 12
2016/6/11, 156, 60, 73, 41, 2, 11
2016/6/12, 114, 84, 85, 36, 2, 8
2016/6/13, 142, 83, 81, 39, 4, 7
2016/6/14, 126, 89, 42, 38, 4, 9
2016/6/15, 119, 78, 98, 30, 5, 6
2016/6/16, 100, 75, 95, 32, 4, 6
2016/6/17, 97, 75, 41, 22, 5, 6
2016/6/18, 116, 40, 46, 17, 2, 5
2016/6/19, 81, 46, 28, 23, 2, 9
2016/6/20, 75, 60, 41, 29, 2, 7
2016/6/21, 98, 58, 47, 27, 5, 5
2016/6/22, 86, 69, 53, 27, 6, 6
2016/6/23, 78, 33, 40, 16, 6, 7
2016/6/24, 55, 26, 43, 22, 3, 9
2016/6/25, 64, 53, 33, 31, 3, 8
2016/6/26, 121, 39, 22, 29, 3, 8
2016/6/27, 86, 45, 28, 30, 3, 7
2016/6/28, 102, 57, 48, 32, 3, 9
2016/6/29, 103, 61, 32, 25, 3, 8
2016/6/30, 88, 30, 26, 18, 3, 6
2016/1/5, 330, 66, 67, 21, 10, 21
2016/1/6, 202, 78, 35, 19, 13, 14
2016/1/7, 181, 83, 59, 21, 12, 12
2016/1/8, 194, 126, 54, 34, 23, 26
2016/1/9, 231, 110, 33, 30, 18, 23
2016/1/10, 222, 80, 43, 26, 12, 18
2016/1/11, 195, 104, 27, 23, 11, 20
2016/1/12, 278, 52, 28, 17, 9, 12
2016/1/13, 179, 82, 60, 54, 27, 19
2016/1/14, 202, 124, 49, 40, 22, 15
2016/1/15, 215, 163, 72, 41, 24, 33
2016/1/16, 214, 167, 52, 46, 21, 22
2016/1/17, 221, 114, 74, 27, 16, 16
2016/1/18, 231, 158, 48, 26, 22, 21
2016/1/19, 294, 130, 34, 35, 20, 18
2016/1/20, 233, 94, 51, 30, 22, 13
2016/1/21, 201, 57, 49, 21, 15, 11
2016/1/22, 174, 47, 45, 18, 9, 8
2016/1/23, 162, 66, 63, 15, 18, 13
2016/1/24, 170, 95, 63, 14, 10, 10
2016/1/25, 107, 98, 62, 28, 13, 10
2016/1/26, 138, 113, 45, 43, 30, 13
2016/1/27, 168, 95, 70, 37, 29, 13
2016/1/28, 173, 76, 36, 29, 17, 12
2016/1/29, 178, 64, 59, 21, 14, 12
2016/1/30, 182, 59, 54, 21, 8, 12
2016/1/31, 172, 67, 41, 17, 11, 14
2016/2/1, 187, 79, 80, 19, 13, 16
2016/2/2, 189, 97, 73, 31, 18, 18
2016/2/3, 192, 98, 58, 44, 16, 19
2016/2/4, 184, 104, 69, 50, 21, 19
2016/2/5, 180, 82, 86, 32, 15, 13
2016/2/6, 182, 71, 74, 17, 17, 9
2016/2/7, 122, 86, 79, 26, 12, 12
2016/2/8, 152, 204, 75, 44, 26, 21
2016/2/9, 287, 106, 72, 42, 33, 23
2016/2/10, 196, 80, 50, 36, 26, 15
2016/2/11, 162, 74, 50, 31, 22, 16
2016/2/12, 160, 72, 55, 23, 15, 16
2016/2/13, 170, 51, 62, 13, 11, 14
2016/2/14, 147, 45, 64, 12, 14, 10
2016/2/15, 130, 46, 73, 18, 14, 8
2016/2/16, 108, 65, 75, 31, 17, 11
2016/2/17, 136, 88, 67, 50, 22, 19
2016/2/18, 173, 87, 56, 51, 16, 16
2016/2/19, 167, 115, 57, 38, 25, 17
2016/2/20, 171, 150, 77, 29, 18, 11
2016/2/21, 155, 141, 63, 30, 20, 15
2016/2/22, 164, 82, 70, 23, 16, 18
2016/2/23, 161, 140, 65, 22, 11, 17
2016/2/24, 225, 162, 72, 35, 17, 27
2016/2/25, 262, 129, 59, 43, 20, 18
2016/2/26, 213, 96, 59, 28, 13, 15
2016/2/27, 165, 85, 69, 31, 11, 14
2016/2/28, 148, 120, 78, 33, 22, 17
2016/2/29, 177, 96, 84, 37, 24, 21
2016/3/1, 256, 102, 83, 34, 25, 12
2016/3/2, 173, 125, 54, 56, 33, 26
2016/3/3, 179, 180, 43, 71, 36, 21
2016/3/4, 220, 108, 61, 36, 14, 16
2016/3/5, 184, 238, 69, 30, 20, 12
2016/3/6, 192, 166, 88, 37, 22, 15
2016/3/7, 220, 146, 54, 39, 25, 18
2016/3/8, 229, 34, 57, 13, 11, 12
2016/3/9, 135, 34, 45, 12, 9, 9
2016/3/10, 83, 48, 73, 18, 10, 9
2016/3/11, 116, 71, 71, 36, 14, 11
2016/3/12, 157, 89, 68, 38, 32, 12
2016/3/13, 160, 91, 67, 34, 15, 12
2016/3/14, 168, 100, 91, 36, 19, 16
2016/3/15, 190, 117, 58, 49, 20, 12
2016/3/16, 190, 135, 56, 59, 17, 16
2016/3/17, 190, 157, 9, 67, 18, 17
2016/3/18, 208, 122, 59, 42, 11, 12
2016/3/19, 213, 140, 76, 50, 17, 18
2016/3/20, 199, 93, 42, 34, 12, 18
2016/3/21, 179, 95, 62, 33, 13, 13
2016/3/22, 165, 120, 81, 53, 19, 15
2016/3/23, 172, 85, 54, 18, 7, 7
2016/3/24, 169, 64, 55, 18, 7, 8
2016/3/25, 119, 75, 45, 31, 14, 8
2016/3/26, 115, 83, 53, 39, 12, 9
2016/3/27, 156, 90, 63, 42, 10, 9
2016/3/28, 146, 98, 24, 51, 14, 8
2016/3/29, 158, 73, 18, 32, 6, 11
2016/3/30, 172, 64, 56, 30, 6, 9
2016/3/31, 159, 83, 57, 35, 15, 11
2015/10/1, 119, 118, 89, 40, 21, 14
2015/10/2, 154, 130, 92, 50, 20, 18
2015/10/3, 178, 112, 80, 40, 22, 24
2015/10/4, 165, 84, 77, 34, 15, 28
2015/10/5, 175, 58, 49, 29, 11, 25
2015/10/6, 153, 27, 60, 18, 9, 21
2015/10/7, 102, 35, 68, 12, 12, 19
2015/10/8, 102, 64, 52, 23, 20, 17
2015/10/9, 139, 93, 71, 39, 14, 19
2015/10/10, 158, 117, 81, 46, 14, 16
2015/10/11, 173, 137, 92, 58, 23, 20
2015/10/12, 177, 125, 68, 59, 28, 20
2015/10/13, 174, 137, 59, 54, 41, 15
2015/10/14, 179, 150, 97, 66, 31, 18
2015/10/15, 194, 175, 109, 67, 27, 24
2015/10/16, 202, 130, 115, 57, 27, 18
2015/10/17, 185, 159, 123, 68, 28, 23
2015/10/18, 201, 117, 112, 55, 25, 18
2015/10/19, 170, 119, 102, 55, 24, 18
2015/10/20, 171, 143, 112, 59, 26, 17
2015/10/21, 177, 104, 109, 46, 22, 20
2015/10/22, 171, 132, 107, 40, 21, 20
2015/10/23, 195, 137, 107, 49, 25, 28
2015/10/24, 203, 122, 104, 43, 19, 17
2015/10/26, 190, 99, 39, 26, 17, 14
2015/10/27, 186, 57, 52, 21, 12, 9
2015/10/28, 103, 75, 38, 35, 22, 14
2015/10/29, 145, 34, 69, 21, 14, 11
2015/10/30, 100, 100, 59, 23, 15, 16
2015/10/31, 212, 62, 62, 21, 14, 12
2015/11/1, 148, 73, 81, 28, 18, 14
2015/11/2, 220, 82, 70, 42, 19, 16
2015/11/3, 161, 91, 93, 37, 27, 17
2015/11/4, 167, 93, 46, 39, 28, 19
2015/11/5, 177, 80, 62, 31, 20, 19
2015/11/6, 168, 68, 23, 27, 16, 15
2015/11/7, 150, 28, 51, 14, 11, 15
2015/11/8, 102, 51, 61, 18, 9, 16
2015/11/9, 150, 72, 66, 30, 20, 22
2015/11/10, 165, 77, 45, 27, 17, 19
2015/11/11, 184, 83, 100, 27, 21, 19
2015/11/12, 180, 53, 164, 24, 12, 13
2015/11/13, 157, 46, 52, 24, 5, 14
2015/11/14, 226, 68, 34, 33, 15, 19
2015/11/15, 158, 66, 18, 28, 14, 23
2015/11/16, 154, 48, 24, 20, 5, 19
2015/11/17, 158, 48, 22, 20, 23, 20
2015/11/18, 149, 40, 24, 19, 6, 24
2015/11/19, 225, 53, 97, 20, 10, 23
2015/11/20, 146, 68, 118, 25, 16, 24
2015/11/21, 152, 78, 13, 25, 15, 24
2015/11/22, 159, 64, 14, 20, 17, 24
2015/11/23, 151, 24, 12, 16, 15, 19
2015/11/24, 117, 72, 36, 14, 13, 19
2015/11/25, 103, 57, 58, 22, 16, 18
2015/11/26, 155, 63, 56, 29, 19, 14
2015/11/27, 215, 79, 33, 35, 24, 17
2015/11/28, 151, 108, 18, 39, 23, 22
2015/11/29, 178, 87, 24, 32, 15, 16
2015/11/30, 179, 104, 18, 31, 17, 19
2015/12/1, 185, 85, 65, 30, 19, 19
2015/12/2, 164, 124, 36, 31, 16, 17
2015/12/3, 159, 124, 50, 34, 19, 22
2015/12/4, 159, 74, 47, 28, 24, 16
2015/12/5, 124, 83, 21, 32, 22, 16
2015/12/6, 158, 74, 23, 33, 19, 17
2015/12/7, 167, 91, 30, 35, 23, 20
2015/12/8, 169, 92, 14, 36, 21, 19
2015/12/9, 174, 82, 32, 30, 19, 16
2015/12/10, 168, 116, 41, 28, 15, 17
2015/12/11, 229, 156, 52, 26, 18, 21
2015/12/12, 326, 179, 21, 30, 18, 32
2015/12/13, 351, 82, 36, 24, 13, 15
2015/12/14, 192, 102, 48, 31, 16, 17
2015/12/15, 196, 67, 51, 27, 15, 13
2015/12/16, 152, 60, 52, 20, 12, 12
2015/12/17, 112, 89, 55, 34, 19, 18
2015/12/18, 149, 104, 49, 38, 24, 20
2015/12/19, 177, 144, 43, 43, 37, 24
2015/12/20, 203, 77, 46, 33, 20, 18
2015/12/21, 189, 68, 34, 25, 19, 14
2015/12/22, 174, 79, 43, 23, 14, 18
2015/12/23, 192, 110, 49, 25, 13, 18
2015/12/24, 244, 144, 33, 30, 13, 16
2015/12/25, 243, 237, 46, 49, 34, 26
2015/12/26, 388, 144, 29, 58, 28, 19
2015/12/27, 227, 132, 12, 42, 13, 21
2015/12/28, 227, 89, 12, 20, 8, 13
2015/12/29, 183, 114, 16, 36, 13, 14
2015/12/30, 199, 141, 55, 52, 23, 21
2015/12/31, 238, 119, 49, 44, 26, 17
2016/1/1, 205, , , , , 
2015/7/1, 111, 90, 128, 47, 12, 14
2015/7/2, 180, 89, 64, 31, 11, 14
2015/7/3, 153, 67, 73, 51, 11, 12
2015/7/4, 134, 66, 72, 27, 8, 8
2015/7/5, 130, 52, 43, 19, 8, 8
2015/7/6, 117, 51, 58, 19, 11, 11
2015/7/7, 93, 80, 97, 32, 10, 10
2015/7/8, 151, 73, 40, 20, 11, 15
2015/7/9, 140, 48, 48, 13, 11, 13
2015/7/10, 96, 57, 40, 14, 8, 11
2015/7/11, 109, 75, 77, 32, 8, 10
2015/7/12, 132, 112, 117, 42, 10, 10
2015/7/13, 159, 118, 95, 49, 17, 15
2015/7/14, 173, 87, 64, 35, 14, 18
2015/7/15, 180, 25, 59, 18, 15, 10
2015/7/16, 101, 43, 46, 17, 11, 9
2015/7/17, 127, 71, 68, 25, 8, 8
2015/7/18, 158, 93, 84, 37, 13, 14
2015/7/19, 162, 77, 78, 32, 11, 13
2015/7/20, 143, 83, 127, 32, 13, 14
2015/7/21, 149, 90, 101, 39, 15, 13
2015/7/22, 154, 42, 35, 32, 7, 17
2015/7/23, 122, 51, 105, 33, 4, 8
2015/7/24, 116, 68, 111, 26, 10, 11
2015/7/25, 153, 54, 48, 23, 12, 8
2015/7/26, 122, 46, 36, 19, 9, 7
2015/7/27, 95, 53, 44, 21, 11, 7
2015/7/28, 100, 60, 47, 22, 12, 7
2015/7/29, 114, 61, 45, 16, 7, 6
2015/7/30, 106, 73, 44, 20, 10, 7
2015/7/31, 90, 65, 47, 20, 13, 6
2015/8/1, 91, 68, 55, 21, 12, 7
2015/8/2, 103, 72, 53, 22, 16, 6
2015/8/3, 121, 63, 44, 18, 14, 7
2015/8/4, 112, 68, 47, 24, 10, 5
2015/8/5, 116, 52, 83, 19, 6, 7
2015/8/6, 112, 60, 64, 24, 8, 9
2015/8/7, 107, 63, 53, 13, 8, 8
2015/8/8, 125, 47, 28, 8, 4, 6
2015/8/9, 97, 22, 19, 8, 3, 6
2015/8/10, 74, 30, 33, 9, 4, 6
2015/8/11, 78, 55, 62, 21, 10, 9
2015/8/12, 99, 64, 153, 24, 10, 9
2015/8/13, 115, 84, 111, 29, 18, 12
2015/8/14, 161, 87, 35, 32, 12, 13
2015/8/15, 152, 69, 98, 30, 5, 10
2015/8/16, 143, 94, 107, 38, 10, 14
2015/8/17, 160, 90, 80, 27, 11, 10
2015/8/18, 162, 50, 31, 22, 10, 14
2015/8/19, 116, 46, 52, 14, 5, 5
2015/8/20, 94, 64, 87, 29, 8, 9
2015/8/21, 122, 85, 103, 36, 10, 12
2015/8/22, 151, 110, 91, 35, 15, 15
2015/8/23, 161, 83, 84, 14, 7, 9
2015/8/24, 158, 86, 80, 20, 8, 9
2015/8/25, 159, 95, 111, 44, 11, 13
2015/8/26, 162, 137, 132, 47, 12, 12
2015/8/27, 173, 104, 102, 41, 15, 14
2015/8/28, 165, 103, 133, 31, 16, 14
2015/8/29, 172, 113, 122, 45, 16, 14
2015/8/30, 167, 110, 105, 42, 15, 16
2015/8/31, 168, 84, 80, 28, 8, 8
2015/9/1, 158, 64, 81, 15, 14, 8
2015/9/2, 140, 78, 99, 26, 17, 14
2015/9/3, 147, 85, 59, 28, 14, 10
2015/9/4, 143, 56, 59, 23, 15, 10
2015/9/5, 119, 99, 68, 29, 18, 18
2015/9/6, 148, 79, 73, 12, 11, 16
2015/9/7, 170, 75, 98, 27, 19, 19
2015/9/8, 141, 86, 108, 32, 17, 16
2015/9/9, 141, 80, 177, 31, 18, 18
2015/9/10, 146, 84, 45, 30, 15, 14
2015/9/11, 146, 63, 56, 15, 9, 11
2015/9/12, 152, 68, 67, 28, 20, 15
2015/9/13, 118, 95, 97, 32, 21, 13
2015/9/14, 140, 96, 96, 35, 22, 15
2015/9/15, 162, 86, 93, 36, 17, 15
2015/9/16, 154, 102, 69, 35, 31, 13
2015/9/17, 151, 67, 59, 34, 17, 13
2015/9/18, 147, 64, 58, 30, 16, 15
2015/9/19, 136, 98, 101, 42, 20, 13
2015/9/20, 165, 103, 103, 46, 21, 14
2015/9/21, 168, 87, 56, 37, 19, 13
2015/9/22, 161, 74, 80, 29, 23, 14
2015/9/23, 159, 83, 41, 30, 12, 15
2015/9/24, 170, 55, 43, 19, 9, 10
2015/9/25, 127, 84, 77, 37, 16, 17
2015/9/26, 158, 98, 97, 43, 16, 16
2015/9/27, 160, 91, 99, 39, 26, 16
2015/9/28, 164, 66, 76, 20, 20, 16
2015/9/29, 125, 35, 65, 13, 12, 7
2015/9/30, 94, 65, 50, 17, 14, 10
2015/4/1, 164, 46, 43, 26, 32, 24
2015/4/2, 96, 94, 30, 39, 50, 30
2015/4/3, 140, 50, 25, 24, 30, 27
2015/4/4, 141, 48, 57, 19, 8, 15
2015/4/5, 143, 58, 63, 20, 9, 18
2015/4/6, 161, 65, 55, 15, 9, 25
2015/4/7, 146, 56, 45, 27, 10, 12
2015/4/8, 136, 75, 62, 38, 19, 13
2015/4/9, 154, 103, 73, 40, 16, 20
2015/4/10, 200, 155, 91, 62, 25, 24
2015/4/11, 188, 127, 65, 36, 14, 12
2015/4/12, 136, 97, 71, 29, 12, 8
2015/4/13, 104, 103, 82, 38, 19, 10
2015/4/14, 141, 119, 37, 55, 29, 18
2015/4/15, 164, 112, 66, 38, 21, 32
2015/4/16, 171, 134, 63, 42, 43, 47
2015/4/17, 168, 114, 37, 46, 26, 26
2015/4/18, 170, 48, 51, 21, 13, 18
2015/4/19, 128, 43, 43, 18, 12, 14
2015/4/20, 123, 89, 73, 48, 18, 18
2015/4/21, 156, 102, 89, 60, 19, 18
2015/4/22, 157, 194, 92, 81, 24, 25
2015/4/23, 181, 129, 49, 64, 21, 28
2015/4/24, 170, 167, 106, 64, 23, 27
2015/4/25, 199, 158, 101, 62, 23, 23
2015/4/26, 171, 145, 92, 42, 19, 26
2015/4/27, 169, 81, 56, 28, 20, 16
2015/4/28, 153, 105, 107, 24, 17, 17
2015/4/29, 170, 110, 117, 42, 24, 17
2015/4/30, 158, 91, 70, 39, 22, 16
2015/5/1, 163, 46, 60, 19, 14, 11
2015/5/2, 104, 75, 97, 29, 21, 15
2015/5/3, 154, 84, 63, 33, 23, 13
2015/5/4, 160, 101, 103, 41, 20, 16
2015/5/5, 194, 121, 133, 48, 17, 12
2015/5/6, 179, 108, 84, 39, 22, 13
2015/5/7, 174, 78, 51, 26, 17, 12
2015/5/8, 159, 84, 92, 40, 14, 15
2015/5/9, 157, 103, 89, 38, 22, 14
2015/5/10, 169, 91, 45, 24, 15, 7
2015/5/11, 128, 108, 67, 24, 11, 7
2015/5/12, 127, 102, 52, 33, 19, 14
2015/5/13, 139, 71, 39, 27, 15, 21
2015/5/14, 114, 67, 48, 24, 9, 13
2015/5/15, 134, 93, 99, 28, 11, 14
2015/5/16, 163, 82, 72, 33, 17, 18
2015/5/17, 156, 100, 52, 41, 9, 17
2015/5/18, 177, 139, 151, 57, 14, 18
2015/5/19, 198, 125, 90, 48, 13, 19
2015/5/20, 179, 87, 115, 40, 23, 15
2015/5/21, 134, 90, 110, 33, 20, 17
2015/5/22, 140, 100, 59, 34, 15, 13
2015/5/23, 169, 133, 138, 58, 20, 18
2015/5/24, 199, 189, 102, 74, 26, 29
2015/5/25, 216, 98, 95, 41, 23, 22
2015/5/26, 193, 87, 38, 31, 11, 14
2015/5/27, 172, 96, 72, 37, 15, 26
2015/5/28, 170, 49, 35, 22, 13, 13
2015/5/29, 126, 82, 83, 30, 11, 12
2015/5/30, 151, 124, 126, 49, 20, 15
2015/5/31, 185, 110, 85, 39, 28, 14
2015/6/1, 175, 54, 46, 20, 14, 12
2015/6/2, 129, 68, 45, 30, 13, 10
2015/6/3, 135, 69, 47, 28, 16, 10
2015/6/4, 149, 63, 66, 28, 15, 8
2015/6/5, 125, 94, 90, 43, 22, 11
2015/6/6, 144, 64, 53, 37, 22, 17
2015/6/7, 127, 49, 43, 28, 15, 8
2015/6/8, 97, 90, 80, 45, 20, 10
2015/6/9, 164, 82, 64, 39, 21, 11
2015/6/10, 140, 113, 62, 37, 18, 9
2015/6/11, 141, 152, 94, 54, 23, 10
2015/6/12, 153, 142, 58, 59, 25, 13
2015/6/13, 158, 73, 38, 30, 28, 12
2015/6/14, 134, 52, 31, 22, 20, 8
2015/6/15, 107, 96, 52, 31, 19, 12
2015/6/16, 153, 28, 26, 23, 17, 11
2015/6/17, 111, 57, 84, 26, 18, 12
2015/6/18, 130, 90, 114, 47, 12, 17
2015/6/19, 156, 93, 94, 37, 22, 13
2015/6/20, 166, 72, 87, 28, 13, 23
2015/6/21, 165, 61, 89, 28, 13, 15
2015/6/22, 149, 73, 110, 25, 22, 15
2015/6/23, 156, 57, 61, 29, 23, 10
2015/6/24, 128, 63, 59, 22, 11, 10
2015/6/25, 118, 75, 118, 33, 14, 19
2015/6/26, 128, 62, 58, 24, 11, 10
2015/6/27, 121, 68, 90, 37, 19, 17
2015/6/28, 119, 83, 77, 30, 14, 13
2015/6/29, 147, 47, 28, 16, 9, 9
2015/6/30, 110, 48, 109, 24, 9, 7
2015/1/2, 156, 127, 24, 46, 43, 19
2015/1/3, 178, 181, 37, 52, 34, 24
2015/1/4, 222, 160, 36, 68, 52, 27
2015/1/5, 224, 153, 22, 56, 40, 22
2015/1/6, 247, 140, 19, 36, 39, 25
2015/1/7, 324, 125, 38, 43, 21, 23
2015/1/8, 212, 154, 39, 67, 27, 23
2015/1/9, 243, 167, 28, 69, 31, 29
2015/1/10, 285, 222, 41, 78, 34, 41
2015/1/11, 309, 219, 36, 77, 35, 34
2015/1/12, 302, 131, 43, 54, 29, 24
2015/1/13, 234, 94, 32, 37, 21, 22
2015/1/14, 187, 80, 32, 36, 13, 13
2015/1/15, 191, 114, 22, 49, 21, 22
2015/1/16, 203, 112, 38, 46, 18, 19
2015/1/17, 201, 121, 57, 48, 35, 22
2015/1/18, 211, 129, 51, 45, 25, 14
2015/1/19, 200, 126, 51, 55, 35, 20
2015/1/20, 215, 143, 29, 59, 34, 20
2015/1/21, 193, 203, 45, 47, 30, 35
2015/1/22, 214, 110, 43, 41, 48, 33
2015/1/23, 186, 102, 31, 48, 46, 21
2015/1/24, 173, 211, 35, 55, 36, 33
2015/1/25, 193, 160, 30, 36, 20, 36
2015/1/26, 312, 138, 24, 36, 23, 57
2015/1/27, 336, 80, 48, 19, 13, 26
2015/1/28, 198, 21, 40, 16, 10, 11
2015/1/29, 120, 42, 41, 21, 22, 13
2015/1/30, 148, 64, 49, 26, 20, 14
2015/1/31, 174, 89, 54, 27, 19, 17
2015/2/1, 205, 88, 47, 35, 14, 18
2015/2/2, 208, 73, 29, 31, 16, 18
2015/2/3, 189, 125, 39, 29, 14, 17
2015/2/4, 207, 188, 68, 49, 25, 23
2015/2/5, 260, 172, 42, 52, 36, 24
2015/2/6, 255, 134, 56, 57, 31, 19
2015/2/7, 210, 215, 34, 70, 32, 22
2015/2/8, 230, 137, 52, 40, 35, 26
2015/2/9, 256, 84, 51, 36, 22, 17
2015/2/10, 160, 96, 65, 48, 38, 15
2015/2/11, 177, 117, 57, 43, 40, 17
2015/2/12, 218, 168, 53, 58, 48, 25
2015/2/13, 253, 202, 83, 72, 52, 33
2015/2/14, 236, 123, 47, 51, 46, 21
2015/2/15, 203, 89, 39, 36, 41, 21
2015/2/16, 187, 135, 35, 43, 32, 26
2015/2/17, 208, 155, 92, 47, 24, 21
2015/2/18, 222, 129, 57, 32, 23, 24
2015/2/19, 200, 112, 41, 25, 20, 20
2015/2/20, 196, 56, 27, 14, 10, 16
2015/2/21, 134, 67, 53, 19, 13, 14
2015/2/22, 163, 99, 45, 27, 9, 19
2015/2/23, 206, 87, 40, 24, 13, 20
2015/2/24, 191, 83, 23, 26, 11, 16
2015/2/25, 177, 69, 18, 26, 13, 18
2015/2/26, 169, 57, 44, 27, 14, 16
2015/2/27, 155, 42, 29, 21, 11, 17
2015/2/28, 136, 28, 32, 14, 10, 12
2015/3/1, 95, 64, 34, 34, 14, 15
2015/3/2, 157, 77, 50, 39, 20, 16
2015/3/3, 174, 176, 50, 21, 16, 13
2015/3/4, 164, 75, 38, 31, 19, 25
2015/3/5, 147, 57, 31, 19, 14, 13
2015/3/6, 152, 92, 47, 27, 18, 21
2015/3/7, 189, 84, 58, 30, 25, 14
2015/3/8, 175, 71, 25, 34, 28, 17
2015/3/9, 160, 103, 62, 32, 26, 39
2015/3/10, 196, 123, 31, 29, 23, 20
2015/3/11, 228, 98, 30, 39, 26, 19
2015/3/12, 173, 102, 49, 43, 31, 14
2015/3/13, 173, 159, 42, 54, 36, 21
2015/3/14, 185, 140, 30, 46, 30, 20
2015/3/15, 178, 106, 11, 33, 29, 29
2015/3/16, 194, 84, 52, 31, 32, 20
2015/3/17, 175, 50, 16, 26, 31, 23
2015/3/18, 135, 25, 18, 20, 15, 19
2015/3/19, 97, 50, 37, 22, 19, 19
2015/3/20, 131, 51, 32, 26, 18, 28
2015/3/21, 134, 96, 64, 43, 26, 21
2015/3/22, 176, 130, 59, 50, 32, 25
2015/3/23, 180, 117, 65, 40, 29, 20
2015/3/24, 163, 123, 71, 40, 32, 23
2015/3/25, 168, 104, 66, 42, 35, 29
2015/3/26, 153, 77, 53, 37, 28, 22
2015/3/27, 156, 76, 50, 33, 19, 17
2015/3/28, 164, 102, 58, 45, 25, 20
2015/3/29, 182, 58, 37, 28, 27, 24
2015/3/30, 153, 74, 70, 30, 33, 20
2015/3/31, 154, 97, 46, 40, 38, 32
2014/10/1, 184, 72, 70, 27, 13, 12
2014/10/2, 150, 111, 85, 46, 26, 15
2014/10/3, 158, 112, 102, 41, 27, 14
2014/10/4, 161, 158, 103, 31, 16, 13
2014/10/5, 207, 133, 78, 26, 23, 16
2014/10/6, 224, 113, 97, 46, 31, 18
2014/10/7, 173, 111, 112, 47, 36, 15
2014/10/8, 174, 152, 115, 61, 27, 19
2014/10/9, 184, 103, 90, 42, 21, 15
2014/10/10, 166, 92, 82, 34, 15, 12
2014/10/11, 165, 129, 74, 20, 14, 10
2014/10/12, 211, 88, 43, 19, 12, 7
2014/10/13, 157, 94, 70, 35, 18, 12
2014/10/14, 166, 152, 112, 68, 23, 16
2014/10/15, 194, 170, 44, 72, 36, 20
2014/10/16, 229, 168, 55, 56, 27, 18
2014/10/17, 244, 204, 37, 72, 30, 20
2014/10/18, 245, 207, 89, 63, 38, 17
2014/10/19, 229, 191, 93, 54, 28, 19
2014/10/20, 269, 53, 40, 20, 12, 12
2014/10/21, 144, 82, 47, 38, 19, 14
2014/10/22, 170, 118, 63, 50, 27, 19
2014/10/23, 178, 191, 75, 61, 34, 21
2014/10/24, 210, 177, 75, 60, 32, 19
2014/10/25, 195, 270, 74, 64, 39, 22
2014/10/27, 227, 154, 50, 28, 17, 16
2014/10/28, 250, 91, 34, 30, 22, 20
2014/10/29, 184, 45, 36, 23, 19, 15
2014/10/30, 156, 25, 30, 20, 13, 10
2014/10/31, 91, 76, 28, 24, 16, 14
2014/11/1, 179, 93, 42, 24, 22, 12
2014/11/2, 203, 65, 36, 17, 19, 7
2014/11/3, 115, 104, 41, 39, 29, 14
2014/11/4, 147, 100, 46, 50, 33, 14
2014/11/5, 167, 83, 32, 44, 33, 12
2014/11/6, 169, 94, 50, 45, 24, 17
2014/11/7, 164, 86, 40, 35, 21, 14
2014/11/8, 167, 56, 34, 25, 15, 9
2014/11/9, 160, 58, 36, 30, 16, 10
2014/11/10, 140, 71, 23, 31, 18, 11
2014/11/11, 165, 95, 84, 38, 28, 15
2014/11/12, 175, 78, 33, 31, 18, 8
2014/11/13, 140, 116, 39, 45, 25, 14
2014/11/14, 160, 118, 41, 52, 42, 15
2014/11/15, 181, 106, 28, 41, 29, 11
2014/11/16, 187, 120, 36, 44, 20, 14
2014/11/17, 213, 94, 54, 35, 23, 11
2014/11/18, 188, 110, 43, 52, 37, 23
2014/11/19, 180, 127, 44, 56, 37, 14
2014/11/20, 185, 135, 44, 57, 46, 18
2014/11/21, 191, 170, 36, 67, 44, 21
2014/11/22, 230, 162, 50, 57, 37, 20
2014/11/23, 233, 159, 38, 40, 19, 28
2014/11/24, 337, 28, 25, 22, 15, 16
2014/11/25, 115, 59, 31, 25, 15, 15
2014/11/26, 191, 68, 22, 29, 25, 17
2014/11/27, 173, 43, 34, 28, 18, 16
2014/11/28, 131, 59, 28, 30, 15, 20
2014/11/29, 155, 49, 27, 27, 15, 26
2014/11/30, 148, 53, 20, 29, 15, 18
2014/12/1, 137, 88, 40, 20, 16, 9
2014/12/2, 125, 104, 119, 29, 32, 15
2014/12/3, 157, 87, 24, 32, 28, 13
2014/12/4, 156, 101, 128, 34, 24, 16
2014/12/5, 197, 115, 48, 47, 35, 19
2014/12/6, 193, 91, 32, 42, 33, 16
2014/12/7, 166, 96, 35, 35, 19, 14
2014/12/8, 162, 108, 63, 40, 39, 17
2014/12/9, 223, 98, 32, 37, 30, 28
2014/12/10, 200, 76, 25, 25, 19, 11
2014/12/11, 175, 93, 28, 29, 21, 8
2014/12/12, 155, 118, 32, 38, 23, 12
2014/12/13, 176, 115, 27, 50, 28, 14
2014/12/14, 211, 107, 24, 49, 40, 15
2014/12/15, 179, 125, 20, 46, 38, 16
2014/12/16, 176, 96, 39, 24, 14, 7
2014/12/17, 104, 114, 24, 44, 21, 15
2014/12/18, 168, 154, 22, 47, 39, 18
2014/12/19, 181, 102, 33, 38, 27, 15
2014/12/20, 160, 120, 38, 42, 28, 24
2014/12/21, 195, 99, 33, 30, 25, 23
2014/12/22, 164, 111, 27, 44, 38, 28
2014/12/23, 176, 116, 27, 46, 42, 18
2014/12/24, 188, 152, 24, 61, 37, 29
2014/12/25, 230, 132, 32, 40, 27, 19
2014/12/26, 262, 101, 46, 38, 34, 26
2014/12/27, 191, 80, 23, 31, 17, 21
2014/12/28, 176, 89, 33, 31, 25, 22
2014/12/29, 189, , , , , 
2014/7/1, 166, 67, 66, 34, 14, 10
2014/7/2, 155, 83, 127, 33, 37, 15
2014/7/3, 180, 59, 49, 28, 16, 13
2014/7/4, 119, 39, 62, 19, 14, 10
2014/7/5, 93, 57, 105, 31, 15, 10
2014/7/6, 117, 81, 107, 35, 22, 14
2014/7/7, 159, 97, 121, 38, 23, 15
2014/7/8, 158, 108, 119, 48, 14, 14
2014/7/9, 168, 107, 142, 49, 16, 16
2014/7/10, 174, 117, 106, 35, 20, 21
2014/7/11, 176, 61, 59, 36, 16, 9
2014/7/12, 160, 47, 60, 30, 13, 7
2014/7/13, 100, 62, 75, 30, 14, 8
2014/7/14, 131, 56, 51, 28, 28, 9
2014/7/15, 109, 47, 48, 22, 20, 8
2014/7/16, 76, 51, 48, 26, 15, 13
2014/7/17, 110, 81, 87, 30, 15, 15
2014/7/18, 140, 89, 102, 34, 12, 14
2014/7/19, 129, 79, 93, 34, 16, 13
2014/7/20, 133, 97, 91, 37, 16, 16
2014/7/21, 131, 132, 146, 51, 14, 13
2014/7/22, 300, 143, 96, 41, 11, 13
2014/7/23, 305, 121, 113, 19, 14, 10
2014/7/24, 215, 96, 112, 28, 13, 10
2014/7/25, 161, 90, 101, 33, 10, 10
2014/7/26, 147, 118, 164, 48, 16, 16
2014/7/27, 166, 128, 112, 50, 15, 12
2014/7/28, 172, 81, 79, 35, 17, 9
2014/7/29, 141, 76, 92, 34, 13, 8
2014/7/30, 143, 81, 100, 36, 22, 13
2014/7/31, 138, 64, 80, 20, 11, 9
2014/8/1, 139, 54, 64, 19, 13, 11
2014/8/2, 157, 85, 91, 34, 15, 11
2014/8/3, 123, 98, 130, 40, 22, 13
2014/8/4, 160, 91, 112, 32, 27, 14
2014/8/5, 155, 82, 128, 31, 20, 20
2014/8/6, 137, 61, 70, 14, 10, 13
2014/8/7, 136, 44, 70, 16, 17, 12
2014/8/8, 99, 80, 67, 20, 11, 11
2014/8/9, 151, 90, 91, 20, 13, 12
2014/8/10, 164, 56, 47, 20, 11, 11
2014/8/11, 132, 56, 52, 21, 12, 11
2014/8/12, 154, 37, 79, 18, 13, 8
2014/8/13, 104, 50, 76, 28, 17, 12
2014/8/14, 110, 100, 131, 45, 25, 18
2014/8/15, 170, 93, 80, 44, 21, 15
2014/8/16, 169, 56, 52, 24, 21, 18
2014/8/17, 143, 59, 39, 25, 22, 9
2014/8/18, 144, 69, 84, 25, 15, 11
2014/8/19, 151, 96, 107, 33, 16, 13
2014/8/20, 164, 107, 112, 37, 22, 13
2014/8/21, 248, 107, 113, 40, 21, 11
2014/8/22, 228, 137, 97, 38, 22, 12
2014/8/23, 171, 68, 73, 23, 13, 12
2014/8/24, 137, 81, 108, 43, 18, 12
2014/8/25, 161, 91, 52, 47, 12, 15
2014/8/26, 177, 62, 59, 26, 13, 12
2014/8/27, 167, 62, 79, 25, 14, 14
2014/8/28, 181, 60, 70, 27, 13, 18
2014/8/29, 165, 89, 104, 28, 20, 20
2014/8/30, 146, 59, 65, 23, 16, 19
2014/8/31, 121, 38, 48, 18, 13, 14
2014/9/1, 148, 47, 39, 24, 13, 10
2014/9/2, 104, 50, 87, 23, 14, 9
2014/9/3, 118, 86, 112, 46, 25, 16
2014/9/4, 151, 117, 112, 54, 18, 14
2014/9/5, 171, 123, 121, 52, 22, 16
2014/9/6, 175, 133, 101, 52, 18, 15
2014/9/7, 176, 127, 97, 40, 17, 16
2014/9/8, 262, 73, 70, 26, 17, 19
2014/9/9, 147, 77, 46, 24, 21, 16
2014/9/10, 155, 82, 78, 28, 26, 12
2014/9/11, 163, 59, 41, 26, 15, 12
2014/9/12, 175, 35, 45, 15, 9, 8
2014/9/13, 113, 71, 71, 31, 15, 13
2014/9/14, 136, 56, 42, 21, 10, 13
2014/9/15, 121, 55, 82, 24, 16, 14
2014/9/16, 109, 66, 68, 18, 11, 11
2014/9/17, 126, 20, 33, 17, 9, 10
2014/9/18, 60, 30, 50, 19, 16, 12
2014/9/19, 167, 59, 90, 33, 12, 12
2014/9/20, 222, 90, 96, 42, 20, 17
2014/9/21, 155, 67, 76, 32, 28, 17
2014/9/22, 141, 64, 72, 24, 23, 8
2014/9/23, 118, 72, 105, 24, 12, 10
2014/9/24, 123, 109, 70, 42, 20, 18
2014/9/25, 173, 108, 90, 43, 21, 14
2014/9/26, 260, 150, 97, 42, 28, 15
2014/9/27, 179, 108, 103, 25, 24, 12
2014/9/28, 176, 45, 61, 15, 16, 11
2014/9/29, 116, 51, 60, 16, 11, 11
2014/9/30, 119, 75, 56, 29, 22, 17
2014/4/1, 149, 120, 80, 54, 32, 14
2014/4/2, 180, 129, 97, 47, 15, 10
2014/4/3, 175, 136, 99, 37, 25, 12
2014/4/4, 200, 162, 81, 64, 16, 15
2014/4/5, 226, 93, 53, 34, 27, 12
2014/4/6, 166, 76, 52, 34, 21, 10
2014/4/7, 174, 113, 65, 55, 29, 15
2014/4/8, 194, 115, 92, 54, 23, 16
2014/4/9, 191, 99, 82, 45, 32, 11
2014/4/10, 163, 77, 61, 33, 23, 12
2014/4/11, 152, 31, 47, 18, 6, 9
2014/4/12, 130, 57, 47, 21, 7, 9
2014/4/13, 154, 75, 89, 31, 16, 10
2014/4/14, 154, 66, 47, 33, 21, 12
2014/4/15, 157, 33, 41, 22, 7, 9
2014/4/16, 110, 47, 53, 31, 9, 11
2014/4/17, 137, 65, 42, 29, 21, 12
2014/4/18, 151, 24, 61, 16, 7, 7
2014/4/19, 88, 65, 55, 28, 12, 10
2014/4/20, 156, 32, 41, 26, 7, 9
2014/4/21, 103, 59, 60, 24, 11, 9
2014/4/22, 154, 67, 45, 35, 29, 11
2014/4/23, 159, 71, 32, 34, 25, 12
2014/4/24, 164, 71, 23, 33, 19, 12
2014/4/25, 173, 48, 56, 19, 10, 7
2014/4/26, 123, 84, 83, 22, 11, 6
2014/4/27, 149, 97, 85, 46, 13, 8
2014/4/28, 146, 102, 72, 53, 25, 12
2014/4/29, 162, 95, 69, 42, 21, 7
2014/4/30, 151, 185, 90, 53, 18, 13
2014/5/1, 175, 169, 53, 36, 14, 9
2014/5/2, 171, , , , , 
2014/5/4, 158, 102, 72, 34, 25, 12
2014/5/5, 151, 102, 94, 45, 24, 9
2014/5/6, 152, 116, 76, 52, 19, 8
2014/5/7, 162, 141, 93, 42, 29, 13
2014/5/8, 181, 70, 55, 25, 26, 8
2014/5/9, 150, 40, 44, 24, 22, 9
2014/5/10, 125, 34, 75, 17, 13, 8
2014/5/11, 100, 98, 100, 50, 23, 12
2014/5/12, 162, 101, 52, 46, 32, 12
2014/5/13, 172, 57, 61, 24, 13, 9
2014/5/14, 158, 81, 77, 31, 19, 7
2014/5/15, 165, 168, 70, 74, 35, 17
2014/5/16, 185, 84, 54, 28, 18, 8
2014/5/17, 172, 103, 53, 45, 21, 15
2014/5/18, 189, 134, 47, 62, 24, 15
2014/5/19, 212, 136, 91, 43, 20, 12
2014/5/20, 248, 169, 40, 55, 31, 18
2014/5/21, 293, 81, 66, 33, 24, 13
2014/5/22, 174, 70, 70, 28, 29, 9
2014/5/23, 143, 65, 35, 28, 21, 11
2014/5/24, 140, 91, 42, 27, 17, 13
2014/5/25, 169, 290, 60, 29, 14, 7
2014/5/26, 210, 171, 71, 28, 10, 8
2014/5/27, 208, 142, 64, 47, 17, 9
2014/5/28, 172, 163, 93, 42, 18, 11
2014/5/29, 179, 144, 71, 37, 25, 11
2014/5/30, 173, 81, 42, 24, 26, 11
2014/5/31, 157, 45, 65, 21, 10, 9
2014/6/1, 122, 71, 95, 19, 9, 8
2014/6/2, 141, 69, 84, 18, 11, 7
2014/6/3, 143, 85, 116, 33, 19, 11
2014/6/4, 160, 112, 122, 50, 20, 12
2014/6/5, 171, 132, 145, 62, 23, 13
2014/6/6, 183, 119, 133, 39, 11, 11
2014/6/7, 185, 145, 101, 60, 22, 19
2014/6/8, 206, 166, 132, 58, 17, 17
2014/6/9, 222, 152, 128, 49, 17, 13
2014/6/10, 207, 160, 135, 48, 15, 12
2014/6/11, 194, 259, 123, 45, 16, 17
2014/6/12, 316, 166, 117, 46, 26, 18
2014/6/13, 242, 121, 113, 35, 19, 12
2014/6/14, 197, 89, 76, 21, 12, 10
2014/6/15, 176, 68, 50, 22, 7, 9
2014/6/16, 165, 75, 75, 35, 11, 8
2014/6/17, 173, 95, 128, 34, 22, 11
2014/6/18, 173, 88, 99, 27, 23, 11
2014/6/19, 170, 107, 75, 22, 16, 12
2014/6/20, 182, 90, 72, 24, 10, 13
2014/6/21, 183, 86, 124, 30, 15, 11
2014/6/22, 170, 93, 93, 35, 14, 9
2014/6/23, 165, 68, 75, 26, 12, 6
2014/6/24, 150, 62, 44, 26, 21, 19
2014/6/25, 128, 32, 52, 22, 24, 7
2014/6/26, 108, 51, 39, 25, 9, 8
2014/6/27, 122, 71, 57, 32, 13, 12
2014/6/28, 156, 90, 60, 45, 14, 11
2014/6/29, 216, 90, 89, 39, 18, 14
2014/6/30, 183, 78, 56, 31, 18, 13
2014/1/2, 233, 216, 12, 69, 48, 27
2014/1/3, 252, 173, 28, 51, 50, 21
2014/1/4, 268, 129, 24, 49, 44, 20
2014/1/5, 189, 164, 27, 58, 49, 26
2014/1/6, 252, 174, 29, 49, 44, 26
2014/1/7, 274, 144, 38, 33, 11, 30
2014/1/8, 335, 119, 25, 32, 50, 29
2014/1/9, 278, 163, 23, 45, 46, 31
2014/1/10, 321, 100, 23, 37, 38, 18
2014/1/11, 245, 67, 38, 29, 22, 13
2014/1/12, 178, 113, 36, 35, 30, 17
2014/1/13, 233, 189, 15, 53, 44, 25
2014/1/14, 344, 167, 21, 49, 39, 25
2014/1/15, 305, 125, 27, 39, 35, 17
2014/1/16, 242, 114, 30, 56, 46, 18
2014/1/17, 199, 176, 33, 56, 40, 21
2014/1/18, 330, 170, 30, 49, 50, 23
2014/1/19, 317, 163, 24, 59, 47, 21
2014/1/20, 290, 140, 36, 45, 31, 16
2014/1/21, 241, 111, 30, 41, 35, 14
2014/1/22, 171, 109, 26, 45, 39, 15
2014/1/23, 182, 106, 31, 46, 51, 15
2014/1/24, 184, 131, 38, 56, 50, 22
2014/1/25, 205, 197, 34, 50, 52, 26
2014/1/26, 330, 178, 36, 57, 49, 30
2014/1/27, 387, 138, 26, 43, 38, 23
2014/1/28, 303, 163, 42, 45, 25, 23
2014/1/29, 374, 152, 22, 30, 17, 19
2014/1/30, 396, 97, 33, 42, 28, 27
2014/1/31, 246, 146, 43, 41, 43, 22
2014/2/1, 284, 129, 34, 33, 16, 17
2014/2/2, 271, 153, 24, 38, 18, 26
2014/2/3, 301, 107, 14, 23, 14, 24
2014/2/4, 242, 38, 39, 14, 10, 9
2014/2/5, 146, 27, 36, 13, 8, 7
2014/2/6, 135, 19, 27, 14, 7, 7
2014/2/7, 122, 31, 32, 15, 9, 7
2014/2/8, 132, 48, 43, 13, 8, 8
2014/2/9, 159, 71, 48, 13, 18, 10
2014/2/10, 187, 59, 41, 16, 22, 10
2014/2/11, 171, 68, 42, 25, 24, 12
2014/2/12, 176, 63, 40, 25, 18, 11
2014/2/13, 166, 63, 44, 19, 15, 9
2014/2/14, 180, 65, 33, 33, 19, 11
2014/2/15, 175, 79, 30, 31, 34, 13
2014/2/16, 184, 74, 19, 35, 22, 12
2014/2/17, 183, 60, 26, 19, 14, 11
2014/2/18, 179, 20, 34, 17, 12, 7
2014/2/19, 133, 54, 40, 32, 14, 9
2014/2/20, 147, 88, 38, 37, 39, 15
2014/2/21, 177, 91, 40, 40, 33, 14
2014/2/22, 170, 116, 27, 50, 34, 17
2014/2/23, 176, 142, 24, 46, 22, 17
2014/2/24, 233, 91, 18, 36, 17, 16
2014/2/25, 211, 46, 28, 23, 15, 11
2014/2/26, 276, 63, 19, 29, 22, 12
2014/2/27, 167, 73, 34, 29, 14, 13
2014/2/28, 168, 23, 24, 20, 6, 12
2014/3/1, 120, 39, 27, 18, 8, 8
2014/3/2, 138, 74, 32, 26, 12, 11
2014/3/3, 185, 88, 26, 33, 20, 14
2014/3/4, 192, 84, 40, 38, 24, 13
2014/3/5, 185, 86, 63, 37, 20, 13
2014/3/6, 175, 75, 60, 30, 15, 10
2014/3/7, 175, 54, 41, 28, 26, 9
2014/3/8, 152, 71, 41, 32, 22, 10
2014/3/9, 166, 97, 43, 47, 23, 14
2014/3/10, 187, 91, 57, 37, 36, 11
2014/3/11, 174, 87, 28, 38, 37, 12
2014/3/12, 167, 120, 22, 23, 27, 11
2014/3/13, 185, 81, 36, 25, 22, 7
2014/3/14, 156, 103, 58, 45, 19, 11
2014/3/15, 171, 105, 66, 45, 20, 12
2014/3/16, 169, 138, 43, 51, 25, 15
2014/3/17, 192, 153, 63, 46, 33, 14
2014/3/18, 182, 141, 42, 51, 44, 16
2014/3/19, 185, 132, 40, 22, 19, 10
2014/3/20, 191, 80, 48, 24, 15, 8
2014/3/21, 167, 87, 49, 38, 23, 11
2014/3/22, 161, 118, 48, 56, 34, 16
2014/3/23, 186, 121, 9, 58, 38, 18
2014/3/24, 196, 98, 17, 40, 26, 13
2014/3/25, 190, 78, 53, 34, 17, 15
2014/3/26, 179, 104, 51, 48, 36, 19
2014/3/27, 186, 97, 76, 42, 43, 14
2014/3/28, 173, 74, 60, 42, 29, 10
2014/3/29, 148, 115, 91, 32, 20, 10
2014/3/30, 178, 82, 45, 36, 20, 8
2014/3/31, 157, 78, 53, 44, 27, 13
2020/8/17, , 51, , , , 
2020/1/1, , 65, 6, 29, 7, 11
2019/6/23, , 53, 107, 19, 5, 10
2019/1/1, , 42, 23, 28, 3, 9
2019/2/25, , 91, , 52, 10, 18
2018/8/15, , 34, 40, 8, 2, 7
2018/8/23, , 52, 88, 19, 10, 16
2018/6/18, , 46, 31, 17, 2, 9
2018/1/16, , 87, 17, 36, 6, 13
2017/11/2, , 118, 60, 63, 12, 17
2017/7/17, , 53, 46, 23, 2, 6
2017/7/24, , 85, 110, 41, 4, 12
2017/7/30, , 42, 24, 9, 2, 8
2017/8/9, , 51, 77, 19, 3, 6
2017/8/20, , 69, 70, 15, 7, 16
2017/8/27, , 54, 53, 14, 6, 9
2017/8/30, , 48, 25, 17, 4, 8
2017/9/14, , 63, 78, 25, 6, 7
2017/9/17, , 102, 102, 50, 15, 13
2017/9/24, , 72, 30, 28, 3, 12
2017/6/23, , 73, 37, 38, 5, 23
2017/1/2, , 119, 34, 47, 9, 14
2016/1/4, , 182, 17, 32, 12, 24
2015/1/1, , 109, 29, 43, 31, 20
2014/5/3, , 87, 38, 26, 10, 6
2014/1/1, , 151, 21, 69, 39, 22